id,address,city,state,zip,price,beds,baths,sqft,daysOnMarket,hoa,year,distanceToMetro,schoolRatings,walkingScore
1,902 Homewood Lane,Irvine,CA,92612,233,2,3,1775,62,349,2013,0.7,4,74
2,034 Bunting Place,Philadelphia,PA,19184,790,2,5,3699,90,540,1933,1.3,7,57
3,94789 Brickson Park Junction,Madison,WI,53726,456,0,3,2134,3,346,1964,4.0,5,100
4,9900 Sheridan Parkway,Dayton,OH,45454,938,2,4,2445,22,100,1951,4.5,1,75
5,9846 4th Court,Amarillo,TX,79182,678,1,4,760,27,661,1997,1.0,4,84
6,7900 Grover Junction,Columbia,SC,29208,620,5,1,4056,21,231,2005,1.0,2,70
7,9 Longview Avenue,Cincinnati,OH,45243,266,2,4,1444,60,175,2011,2.8,4,58
8,74 Onsgard Drive,Sacramento,CA,94297,588,2,3,1625,11,617,2002,1.4,8,63
9,97 Leroy Lane,Lincoln,NE,68505,700,3,4,4138,44,136,1984,5.0,3,67
10,43676 Manitowish Road,North Port,FL,34290,424,4,1,1273,15,192,1939,3.4,10,65
11,114 Forest Dale Street,Indianapolis,IN,46207,532,3,4,4117,41,235,1943,0.1,3,58
12,29553 Grim Place,Gastonia,NC,28055,624,3,4,3926,4,173,1947,4.3,4,62
13,83236 East Crossing,Albuquerque,NM,87140,909,6,4,3004,60,273,1958,4.6,9,36
14,6357 Union Terrace,Macon,GA,31205,368,5,2,4906,78,157,1996,1.8,4,45
15,330 Farmco Road,El Paso,TX,79923,252,6,3,4374,8,788,1939,1.4,5,94
16,5 Algoma Trail,Arlington,TX,76096,952,4,5,750,39,695,1963,2.7,9,35
17,38513 Bashford Junction,Apache Junction,AZ,85219,967,3,1,3760,24,767,2015,1.9,10,76
18,2704 Cherokee Parkway,Modesto,CA,95397,749,6,2,4776,22,770,1980,4.2,3,33
19,6 Brentwood Hill,Lehigh Acres,FL,33972,726,2,3,4406,45,796,1989,1.1,10,75
20,8 Ridge Oak Lane,Baton Rouge,LA,70826,968,3,2,4753,84,736,1936,0.9,7,36
21,888 Blaine Street,Newport Beach,CA,92662,836,0,4,4532,77,360,2003,1.0,5,80
22,32138 Emmet Trail,Indianapolis,IN,46226,744,2,2,3680,58,222,1953,0.5,1,62
23,6941 Gina Way,Portland,OR,97286,939,0,4,3644,75,290,2006,3.7,9,71
24,79805 Hanson Pass,Chicago,IL,60636,421,0,5,1174,67,503,2001,0.5,1,99
25,88293 Russell Alley,Torrance,CA,90505,971,6,3,1738,23,619,1987,0.7,8,55
26,708 Merchant Lane,Lincoln,NE,68531,922,1,1,1094,50,481,1934,2.5,7,95
27,43 Mifflin Road,Evansville,IN,47732,930,5,1,1136,62,729,1946,4.9,7,83
28,32 Prentice Crossing,Alexandria,LA,71307,882,1,1,997,49,127,1977,1.4,5,36
29,78617 Melody Lane,Portland,OR,97232,743,4,3,1894,45,540,1976,4.9,1,82
30,77 Carey Drive,New York City,NY,10120,309,5,5,1450,56,366,1936,3.4,9,89
31,0511 Old Gate Point,Appleton,WI,54915,402,5,1,1271,26,276,1948,2.5,3,84
32,5 Surrey Circle,Los Angeles,CA,90020,374,4,4,1262,65,747,1948,0.4,9,86
33,535 Randy Crossing,Austin,TX,78778,596,0,5,2532,61,531,1948,2.1,8,45
34,1 Bayside Terrace,Dallas,TX,75210,687,0,2,4428,35,409,1972,4.3,2,58
35,174 Vera Street,Washington,DC,20551,508,3,4,2545,3,445,1952,1.3,10,68
36,0 Rutledge Street,Charlotte,NC,28210,491,4,1,647,55,800,1945,1.5,5,54
37,430 Dryden Street,Charleston,WV,25362,475,6,5,4915,11,177,1954,2.3,9,83
38,53413 Grover Place,Dayton,OH,45454,364,2,4,3475,29,657,1933,4.6,6,63
39,9 Linden Pass,San Francisco,CA,94142,991,3,2,4626,54,199,1965,2.8,9,41
40,8 4th Terrace,Albuquerque,NM,87110,651,0,2,3628,24,285,1972,2.6,5,82
41,743 Morning Lane,Milwaukee,WI,53215,745,6,3,3055,77,305,1963,0.9,8,88
42,75 Everett Alley,Indianapolis,IN,46221,777,0,5,2469,62,693,1943,4.3,8,92
43,71154 Loomis Plaza,Des Moines,IA,50310,396,2,5,3326,89,416,1930,3.7,3,73
44,000 Mcguire Place,Chicago,IL,60686,923,3,2,1206,39,735,2009,1.4,4,72
45,599 Forest Run Court,Washington,DC,20238,387,4,3,2676,69,601,1963,1.9,5,46
46,0 Springs Hill,Mc Keesport,PA,15134,875,4,5,1881,24,221,1942,2.7,9,50
47,9 Caliangt Alley,Muskegon,MI,49444,303,6,1,4966,17,786,1946,2.2,8,95
48,19385 Corry Avenue,Des Moines,IA,50362,597,5,3,4004,83,798,1965,1.4,2,98
49,32 Prairieview Lane,Saint Cloud,MN,56398,321,1,5,1693,3,238,2015,1.0,10,36
50,60 Village Pass,Charlottesville,VA,22908,849,2,3,3444,19,455,1959,5.0,3,34
51,77 Fieldstone Terrace,New Orleans,LA,70154,780,3,2,733,68,704,1946,4.0,5,93
52,353 Jenifer Circle,Anchorage,AK,99512,898,6,1,1372,22,269,2013,2.2,10,47
53,3333 Ludington Point,Baltimore,MD,21211,560,4,3,2426,39,393,1934,2.7,9,83
54,5 Boyd Parkway,Philadelphia,PA,19104,860,6,5,4096,20,729,1974,4.1,9,85
55,6 Mcbride Hill,Cincinnati,OH,45218,935,4,2,4381,76,430,1935,3.7,9,53
56,94 Washington Street,Tampa,FL,33620,698,1,5,3729,36,251,2005,4.3,6,59
57,26201 Macpherson Alley,Chicago,IL,60697,696,1,5,4049,36,652,1963,2.9,7,42
58,0 Karstens Pass,Iowa City,IA,52245,310,2,4,3199,33,499,1981,3.8,1,39
59,6 Gale Point,Orange,CA,92867,500,3,5,2049,69,338,1935,1.4,8,66
60,2 Dakota Drive,Spokane,WA,99205,970,0,2,1303,56,557,1979,3.6,8,95
61,2401 Tomscot Crossing,Amarillo,TX,79159,478,4,3,4887,86,268,1965,1.6,6,59
62,1 Farragut Crossing,New Orleans,LA,70179,343,5,3,4057,62,682,1976,3.7,5,59
63,767 Stoughton Road,Houston,TX,77240,608,0,2,3124,25,326,1997,2.3,1,42
64,99785 Leroy Trail,Davenport,IA,52809,369,4,1,4441,48,387,1930,2.7,4,58
65,659 Garrison Point,Baltimore,MD,21282,213,0,1,551,69,536,1957,2.8,10,72
66,24496 Johnson Avenue,Los Angeles,CA,90005,773,1,2,4973,52,472,2003,2.6,4,76
67,512 Twin Pines Terrace,New Orleans,LA,70183,823,6,2,3274,23,561,1981,4.4,4,47
68,06 Gulseth Plaza,Saint Cloud,MN,56372,243,4,1,1146,9,188,1939,3.0,4,76
69,43 Dottie Court,Virginia Beach,VA,23471,879,4,1,3011,76,452,2016,3.5,2,80
70,81211 Butternut Lane,Tucson,AZ,85748,936,6,2,1650,69,282,1961,2.9,2,96
71,5 Mesta Court,New York City,NY,10115,911,3,2,2871,86,780,1965,1.6,6,76
72,59449 Glacier Hill Court,Baton Rouge,LA,70894,899,2,2,4751,21,684,1990,1.0,5,57
73,1866 Forster Court,Tallahassee,FL,32314,473,4,4,2396,84,774,1996,4.8,7,83
74,12 Butterfield Center,Buffalo,NY,14220,590,6,4,2403,21,671,1982,1.5,4,55
75,34323 Bunting Drive,Evanston,IL,60208,264,4,4,1360,54,788,1938,0.5,6,41
76,1 Moulton Circle,Seattle,WA,98158,389,3,4,1683,28,429,1965,1.6,6,70
77,0 Scoville Drive,Reno,NV,89510,848,1,4,2522,14,167,2010,3.2,10,52
78,508 Daystar Place,San Antonio,TX,78260,561,5,2,743,81,480,2005,4.4,8,63
79,17 High Crossing Hill,Phoenix,AZ,85010,957,1,3,3505,38,415,1938,4.9,3,36
80,05 Magdeline Way,Los Angeles,CA,90071,360,5,5,2028,51,270,1969,4.3,3,76
81,51836 Merchant Place,Louisville,KY,40233,249,2,4,2331,64,252,2008,4.8,10,41
82,7832 Ludington Lane,Los Angeles,CA,90189,231,3,1,4222,47,609,1980,0.5,5,64
83,14 Pond Parkway,Minneapolis,MN,55470,830,2,4,1471,9,623,1990,0.3,2,65
84,078 Warner Place,Burbank,CA,91505,546,4,1,2126,53,703,1973,0.5,4,42
85,05 Oriole Junction,Pasadena,CA,91117,259,6,1,3416,27,106,1987,4.4,9,93
86,1821 Riverside Pass,Spring,TX,77388,732,4,3,4088,72,240,1942,4.7,6,64
87,3 David Plaza,Birmingham,AL,35295,552,4,1,2044,80,585,1933,4.4,5,32
88,14180 Petterle Drive,Saint Louis,MO,63121,676,2,3,1700,23,568,1999,1.4,8,61
89,80411 Loftsgordon Park,San Antonio,TX,78235,893,1,5,4725,24,253,2011,3.7,4,74
90,7 Bartelt Plaza,Hot Springs National Park,AR,71914,412,6,2,3701,87,203,1942,4.6,7,80
91,92160 Sutherland Court,New Orleans,LA,70165,949,0,3,1503,66,141,1951,4.5,6,31
92,8660 Glendale Court,Orlando,FL,32819,350,5,1,2265,78,311,1931,2.2,5,39
93,8852 Arkansas Parkway,Roanoke,VA,24034,728,4,2,3970,58,452,1956,3.0,1,60
94,44 Comanche Court,Washington,DC,20337,515,0,1,953,79,535,1964,1.7,10,63
95,95590 Kenwood Terrace,New York City,NY,10249,648,3,3,2028,65,212,1959,2.9,6,38
96,93 Artisan Crossing,Pomona,CA,91797,658,2,4,1254,18,150,2000,0.2,4,60
97,91 Badeau Hill,San Diego,CA,92196,388,2,4,2697,73,459,2000,0.8,6,85
98,911 Crownhardt Junction,Laurel,MD,20709,314,4,1,2282,79,521,1964,2.3,4,97
99,14650 Bunting Plaza,Garden Grove,CA,92645,968,3,2,4355,11,116,1967,4.7,2,48
100,4 Bellgrove Court,Omaha,NE,68164,336,0,1,2378,30,546,1987,3.7,6,34
101,7472 Oxford Point,San Francisco,CA,94164,919,3,5,956,12,394,1933,1.2,3,44
102,4 Waywood Hill,Dayton,OH,45490,377,4,1,3789,90,661,1932,0.8,5,79
103,9209 Stephen Place,Nashville,TN,37245,573,2,4,2157,61,165,1946,3.2,6,65
104,56821 Main Terrace,Spring Hill,FL,34611,302,2,5,3090,20,575,1988,3.2,4,65
105,6 Kim Pass,Rochester,NY,14646,989,0,2,3876,87,231,1997,4.8,1,74
106,69917 Fuller Drive,San Francisco,CA,94110,703,2,5,2285,6,226,2008,3.6,7,79
107,9254 Clemons Street,Austin,TX,78721,729,4,2,4820,83,659,1998,4.0,1,49
108,4595 Browning Center,Washington,DC,20005,309,6,2,1952,52,158,2013,0.1,8,82
109,9542 Hazelcrest Road,Rochester,NY,14646,706,3,1,4941,52,664,2010,4.2,6,36
110,812 6th Junction,Charleston,WV,25389,554,4,5,2401,11,290,1947,2.2,5,95
111,316 Forster Plaza,Washington,DC,20599,258,0,5,4987,68,619,1942,4.5,7,49
112,78264 South Way,Omaha,NE,68124,229,6,5,4225,61,247,1961,1.0,9,30
113,819 Hallows Park,Tuscaloosa,AL,35405,571,3,1,2679,16,558,1944,0.5,9,80
114,2604 Shelley Lane,Washington,DC,20073,625,0,2,3478,79,476,1963,2.7,8,64
115,5 Pierstorff Crossing,Charlotte,NC,28230,777,3,5,3111,85,137,2010,3.7,8,40
116,430 Ronald Regan Point,Columbus,OH,43240,383,1,3,2190,90,601,1965,3.2,5,86
117,1 High Crossing Hill,Waco,TX,76705,222,3,2,2992,14,133,1934,1.4,2,77
118,61 Holy Cross Crossing,Wichita Falls,TX,76305,489,2,2,899,83,557,2003,3.9,7,35
119,79 Heffernan Alley,El Paso,TX,79994,384,5,1,1398,8,595,1931,0.4,8,66
120,840 Waywood Pass,Louisville,KY,40250,709,1,2,4465,19,469,1963,2.6,4,30
121,6545 Bobwhite Road,Lincoln,NE,68517,318,5,1,3793,7,268,1980,1.0,5,69
122,72475 Mcbride Hill,Boston,MA,02216,629,1,3,2725,20,588,1960,1.6,10,74
123,40 Mandrake Center,Tuscaloosa,AL,35405,405,6,4,4225,15,260,2012,4.4,7,70
124,40 Red Cloud Junction,Buffalo,NY,14205,419,2,2,1627,6,167,2017,4.4,1,32
125,67984 Mcbride Parkway,El Paso,TX,79950,832,1,4,1633,43,246,2004,0.9,2,36
126,232 Forest Run Crossing,Alexandria,VA,22333,951,0,2,2405,54,619,1946,2.9,8,100
127,8 Judy Junction,Boulder,CO,80305,599,6,2,1680,86,782,1960,0.9,4,87
128,03 Texas Place,Trenton,NJ,08638,392,6,2,1824,25,319,1981,3.4,1,58
129,1868 Charing Cross Terrace,Melbourne,FL,32919,316,3,3,4872,64,491,1941,2.1,3,59
130,41 Hermina Avenue,Detroit,MI,48211,510,2,1,4617,33,752,1945,1.1,1,76
131,7 Golf Junction,Yakima,WA,98907,218,0,2,4588,41,251,1985,3.6,7,89
132,33 Sullivan Park,Fort Worth,TX,76192,680,3,4,1223,41,114,1950,1.5,9,69
133,94 Ronald Regan Park,Corpus Christi,TX,78415,228,2,5,2748,6,716,2016,2.9,1,89
134,15370 Red Cloud Drive,Cleveland,OH,44125,672,0,2,4744,87,770,1979,3.4,2,66
135,2 Mayfield Street,Brooklyn,NY,11247,429,6,1,1040,25,211,1952,1.5,10,81
136,634 Parkside Circle,Los Angeles,CA,90071,935,5,1,3413,72,473,1966,0.5,9,31
137,639 Bayside Pass,Miami,FL,33190,478,2,1,2677,33,581,1943,0.5,7,91
138,4 Mcbride Avenue,Crawfordsville,IN,47937,749,4,4,1139,78,564,1990,0.2,1,56
139,6563 Blackbird Crossing,Corona,CA,92883,308,4,5,2056,87,723,1966,1.9,1,47
140,1 Namekagon Way,Burbank,CA,91505,906,1,5,3789,36,753,1936,3.7,9,96
141,07569 Dunning Way,Denton,TX,76205,639,2,2,4238,84,236,1996,2.3,1,56
142,0 Moose Plaza,Escondido,CA,92030,785,4,4,671,65,335,1935,3.2,5,33
143,9966 Forest Dale Center,Mc Keesport,PA,15134,570,6,2,1493,26,134,1988,0.5,10,39
144,39910 Elgar Circle,New York City,NY,10115,419,3,5,3593,89,358,2000,1.8,2,48
145,49 Kingsford Road,San Francisco,CA,94137,563,1,5,2124,44,127,1976,0.9,6,32
146,516 Basil Terrace,Miami,FL,33134,771,1,2,2196,34,618,1945,0.3,6,42
147,4 Bashford Circle,Buffalo,NY,14263,285,0,1,1800,30,173,1970,4.3,4,67
148,814 Comanche Trail,Phoenix,AZ,85072,339,1,2,4816,29,468,1966,4.2,2,99
149,170 Rockefeller Lane,Mesquite,TX,75185,639,3,3,1914,15,200,1986,2.3,1,54
150,03 Sycamore Drive,Lexington,KY,40524,475,0,5,4795,34,109,1957,2.4,8,74
151,09 Kropf Crossing,Dallas,TX,75265,523,2,5,559,12,569,1983,1.5,7,30
152,13825 Bayside Lane,Portland,OR,97240,876,3,3,3046,54,172,1973,3.3,7,71
153,422 Crest Line Crossing,Ventura,CA,93005,876,6,4,4816,47,555,1993,0.6,3,61
154,6697 Granby Place,Miami,FL,33142,624,6,1,2707,66,780,1988,4.5,6,88
155,35506 Darwin Court,Huntington,WV,25709,665,6,5,4043,63,412,2013,1.8,7,46
156,2 Golden Leaf Point,Garden Grove,CA,92645,711,6,5,3198,62,229,1975,0.2,4,45
157,71 Vahlen Plaza,Topeka,KS,66606,543,0,1,3471,20,536,1936,1.1,8,68
158,0133 Brentwood Street,Oklahoma City,OK,73119,232,0,4,3352,89,571,1996,4.4,5,91
159,120 Farragut Crossing,Milwaukee,WI,53285,748,3,2,1735,76,792,2017,4.0,10,39
160,2 Pankratz Junction,Roanoke,VA,24024,917,1,3,3619,86,512,1974,1.6,9,67
161,9768 Marquette Drive,Juneau,AK,99812,544,6,2,4700,83,222,1935,1.2,1,49
162,88 Elgar Pass,Levittown,PA,19058,602,4,4,4448,48,619,1931,2.0,3,96
163,8 Mallard Center,Anchorage,AK,99512,536,2,1,546,57,571,2018,0.3,2,30
164,60832 Oak Valley Crossing,Marietta,GA,30061,669,1,3,577,34,465,2013,3.6,8,75
165,2073 Dorton Way,Oklahoma City,OK,73179,923,3,2,2584,60,556,2008,4.7,8,74
166,628 Eliot Court,Boise,ID,83716,796,3,3,760,77,477,1989,4.2,3,91
167,55160 Fisk Road,Tulsa,OK,74184,718,5,5,3674,38,318,1994,3.9,2,35
168,0 Goodland Drive,Huntington,WV,25711,771,0,1,2734,38,229,1974,1.8,4,78
169,6 Waxwing Plaza,Reston,VA,22096,675,6,1,4457,62,263,2015,3.4,5,61
170,835 Jackson Crossing,Springfield,IL,62705,856,3,4,4945,55,507,1970,3.6,6,50
171,2186 Calypso Pass,Pasadena,CA,91186,611,2,1,2297,57,765,1998,1.4,6,63
172,3564 Arapahoe Park,Columbus,OH,43226,654,0,5,4807,27,439,1955,4.0,10,63
173,5 Heffernan Terrace,Worcester,MA,01605,586,1,3,1110,31,225,1958,2.6,1,44
174,71143 Morningstar Drive,Huntsville,AL,35815,782,2,1,1095,86,547,1936,3.1,8,40
175,503 Hagan Court,Cincinnati,OH,45271,386,3,3,2562,6,721,1960,1.3,8,57
176,280 Warner Parkway,Fort Worth,TX,76147,586,1,1,4201,44,163,1965,2.8,5,72
177,9 Steensland Way,New Orleans,LA,70187,589,4,5,3437,19,582,1997,3.7,9,32
178,7 Susan Pass,El Paso,TX,88525,338,3,3,4089,81,371,1973,1.3,6,39
179,1 Mcguire Hill,Phoenix,AZ,85067,998,2,4,3852,70,573,1953,4.3,7,64
180,683 Atwood Circle,El Paso,TX,88558,460,0,1,4192,17,360,1940,4.2,10,82
181,27 Elka Crossing,Littleton,CO,80127,996,1,4,2044,19,448,2002,1.1,9,57
182,891 Oriole Lane,Decatur,GA,30089,974,4,5,3340,15,319,1980,0.5,3,70
183,06 Fairfield Way,Cleveland,OH,44197,988,0,3,1857,59,498,1958,4.7,2,59
184,3414 Elgar Park,Louisville,KY,40233,899,5,3,3558,46,185,2004,1.6,4,85
185,0 Commercial Avenue,Gainesville,FL,32610,514,5,3,1000,52,118,2003,2.1,8,69
186,28 Tennyson Junction,Houston,TX,77240,769,6,1,4579,64,404,2018,3.6,9,49
187,332 Donald Center,New York City,NY,10165,273,0,3,1652,74,443,1987,4.1,5,72
188,61301 Utah Way,Salt Lake City,UT,84135,302,3,4,4257,14,460,1978,3.5,3,55
189,78 Sheridan Court,Saint Louis,MO,63167,702,6,1,4789,33,264,1949,2.0,6,95
190,99379 Sunbrook Junction,Johnson City,TN,37605,921,4,2,3212,45,609,1973,2.8,1,94
191,7379 Dapin Terrace,Augusta,GA,30911,859,5,5,880,79,725,1937,4.3,6,90
192,1141 Bartelt Road,Austin,TX,78764,304,5,4,3311,84,465,1959,1.6,3,83
193,59 Summit Drive,Richmond,VA,23277,238,0,4,1188,43,457,1995,1.0,7,32
194,71 Sunfield Pass,Pittsburgh,PA,15210,727,4,5,943,25,768,1967,2.3,5,44
195,583 Northland Place,Memphis,TN,38143,944,2,2,2554,76,385,1965,1.7,5,30
196,7 International Center,Saint Louis,MO,63136,347,5,5,2558,29,513,1979,1.7,6,83
197,24569 Kingsford Park,Marietta,GA,30061,289,5,2,1602,35,502,1960,2.3,2,58
198,22880 Dapin Circle,Carlsbad,CA,92013,229,6,5,963,41,550,1931,0.8,9,71
199,8600 Jenna Parkway,Bryan,TX,77806,409,5,2,4666,62,348,1935,3.9,9,82
200,955 West Terrace,Erie,PA,16565,939,5,2,3933,55,138,1950,2.2,2,35
201,01 Dahle Drive,Asheville,NC,28815,436,1,5,1625,60,519,1939,2.2,8,90
202,4 Valley Edge Point,Phoenix,AZ,85072,530,2,3,949,16,781,1988,2.9,5,59
203,21 Oakridge Junction,Washington,DC,20051,553,3,4,3266,54,624,2011,1.8,6,100
204,667 Namekagon Pass,Seattle,WA,98195,1000,3,2,4123,49,510,1958,3.6,1,44
205,1725 Westport Lane,Newark,NJ,07112,772,3,4,3939,74,506,1941,1.5,6,42
206,29 Kim Court,Rockford,IL,61110,228,4,3,671,31,390,1950,3.7,9,99
207,1 8th Road,Denver,CO,80209,970,5,4,2057,73,173,1931,0.4,9,83
208,7969 Brentwood Pass,Rochester,NY,14609,856,5,5,4311,40,301,1939,3.0,4,45
209,13634 Lakewood Pass,Dallas,TX,75210,494,3,3,2273,25,636,1999,2.6,9,82
210,71 Comanche Park,New York City,NY,10150,354,4,4,2936,26,233,2006,2.0,7,99
211,813 Cherokee Park,Saint Paul,MN,55188,960,3,4,2825,6,662,1985,1.1,10,75
212,628 Moulton Court,Worcester,MA,01654,755,5,5,4086,19,531,1967,0.9,5,40
213,8 Old Shore Circle,Houston,TX,77095,380,0,5,4241,54,367,1993,1.0,7,94
214,04600 Clarendon Plaza,Sacramento,CA,95813,278,4,5,1149,40,730,1957,1.6,6,45
215,9 Commercial Crossing,Philadelphia,PA,19191,770,2,1,4402,77,249,1994,4.1,3,39
216,622 5th Terrace,Cleveland,OH,44177,552,5,4,3046,19,799,1931,0.3,8,55
217,3 Tennessee Street,Fort Worth,TX,76134,259,0,5,3377,84,451,1994,1.0,9,80
218,95146 Tennyson Street,Las Vegas,NV,89130,577,0,3,2881,28,216,1964,1.8,10,67
219,813 Kenwood Pass,Monroe,LA,71208,221,1,5,4071,53,192,1979,1.5,5,52
220,470 Dorton Park,Columbus,GA,31998,830,3,1,3549,27,387,1947,3.5,6,38
221,94468 Killdeer Hill,Raleigh,NC,27635,460,0,3,2864,48,377,2001,2.4,6,51
222,26482 Schurz Street,Wilmington,DE,19810,395,1,5,879,34,788,1948,4.5,4,32
223,92 Melvin Street,El Paso,TX,88569,986,5,1,2262,23,581,2014,2.3,9,47
224,5864 Anniversary Junction,Des Moines,IA,50330,877,2,4,2309,85,353,1979,0.5,7,78
225,8805 Forest Dale Place,Santa Ana,CA,92705,494,6,2,1014,35,294,1959,4.3,4,46
226,27 Mcguire Place,Cincinnati,OH,45238,894,0,3,1768,48,465,1969,4.0,1,83
227,719 International Road,Indianapolis,IN,46231,687,5,3,4606,80,337,1959,3.0,9,66
228,1 Nancy Circle,Washington,DC,20520,744,4,3,3995,15,602,1944,1.8,2,47
229,5 Brickson Park Court,Tacoma,WA,98411,525,6,2,2683,31,218,1996,2.5,3,99
230,041 Johnson Pass,Mobile,AL,36628,323,0,2,2083,49,140,1939,0.8,2,49
231,0 Starling Junction,Boston,MA,02163,512,1,4,1860,31,656,2003,4.0,9,54
232,0028 Golf Place,Orlando,FL,32830,520,6,3,4344,17,378,1987,5.0,5,38
233,73720 Corry Avenue,El Paso,TX,79940,873,3,1,1342,82,195,1987,0.7,8,39
234,6 Rieder Place,Fort Worth,TX,76129,239,0,1,4721,33,194,1966,4.7,2,68
235,27747 2nd Hill,Fort Collins,CO,80525,566,6,1,4419,51,198,1985,4.6,10,51
236,1 Schmedeman Junction,Santa Rosa,CA,95405,284,0,3,1726,83,332,1968,4.7,1,73
237,5 John Wall Place,Seattle,WA,98127,554,6,4,4148,31,550,2015,1.9,6,54
238,501 Eagan Trail,Scranton,PA,18514,411,4,3,2952,25,116,1955,4.8,2,62
239,8 Ohio Street,Buffalo,NY,14205,410,4,2,1771,56,263,1955,1.4,9,73
240,5 Fairview Crossing,Norwalk,CT,06854,510,4,3,536,44,554,1978,4.1,9,41
241,41 Arapahoe Trail,Kissimmee,FL,34745,412,1,1,4100,25,577,2011,1.0,2,92
242,97006 Kensington Park,Tampa,FL,33673,247,5,3,4213,32,164,2001,4.9,8,96
243,43 Independence Terrace,Fairfax,VA,22036,562,3,4,1207,32,353,2011,4.5,3,79
244,51768 3rd Park,Fort Wayne,IN,46857,451,2,2,2019,9,696,2012,4.3,5,62
245,28 Pierstorff Point,Cincinnati,OH,45213,218,1,3,1246,84,512,1936,1.4,9,53
246,4 Pierstorff Junction,Pueblo,CO,81015,781,5,2,900,13,152,1942,4.5,9,94
247,14 Lukken Alley,Brooklyn,NY,11205,391,2,3,3254,64,563,1992,3.5,8,38
248,70 Northfield Drive,Huntington Beach,CA,92648,860,3,2,2142,17,293,1998,1.3,1,46
249,1 Nova Court,Fresno,CA,93778,702,5,2,2541,62,707,2014,2.8,4,73
250,803 Manley Trail,Pasadena,CA,91117,297,0,1,935,56,564,1971,0.3,4,82
251,72259 Golf Course Center,Colorado Springs,CO,80905,522,4,3,2231,76,403,1978,3.5,9,54
252,44932 Artisan Point,Port Washington,NY,11054,961,0,3,2990,80,450,1945,0.2,7,61
253,1240 Cordelia Court,Springfield,MA,01105,687,3,4,4033,43,704,2006,0.8,8,35
254,98 Meadow Vale Place,Riverside,CA,92513,718,5,1,4524,35,442,1982,4.5,9,53
255,52614 Pierstorff Trail,Santa Monica,CA,90410,484,1,5,4004,4,161,1974,4.5,2,46
256,3 Stephen Street,Austin,TX,78759,678,4,1,4672,75,759,1947,0.1,10,67
257,981 Melody Park,New York City,NY,10004,363,3,1,1722,70,208,1990,4.0,6,31
258,0 Luster Street,Daytona Beach,FL,32128,359,3,3,3877,12,173,1992,2.7,2,37
259,09016 Little Fleur Trail,Paterson,NJ,07505,558,2,1,3465,67,348,1961,1.3,3,38
260,7 Pearson Lane,Charlotte,NC,28242,239,6,3,3826,70,710,1944,3.8,10,50
261,91201 Meadow Vale Place,Des Moines,IA,50347,316,0,3,4482,66,678,2017,1.7,9,54
262,869 Forest Dale Junction,Henderson,NV,89012,343,4,5,1893,7,747,1977,0.7,8,65
263,943 Mendota Junction,Washington,DC,20010,958,3,2,4137,40,712,1942,3.7,3,72
264,59 Cardinal Road,Miami,FL,33147,557,4,5,3900,56,592,2011,4.1,7,41
265,5 Grayhawk Road,Young America,MN,55551,304,5,4,4580,19,427,1933,3.0,6,62
266,67 Twin Pines Road,Miami,FL,33153,697,4,4,1398,84,114,1945,2.0,10,59
267,04126 Fremont Crossing,Lancaster,CA,93584,451,2,5,2914,26,578,1960,1.5,9,45
268,33404 School Avenue,Pinellas Park,FL,34665,339,2,5,2112,58,436,1983,2.0,9,86
269,21 Nova Way,Sacramento,CA,95894,208,5,4,3022,37,114,1989,4.2,6,53
270,907 Almo Point,Atlanta,GA,31190,344,2,4,4919,66,390,2018,1.8,7,36
271,67 Kings Plaza,Baton Rouge,LA,70810,317,0,5,1763,56,493,1935,1.9,8,41
272,9215 Burrows Avenue,El Paso,TX,79977,944,2,4,2162,38,549,2007,1.7,7,84
273,56254 Grayhawk Place,Philadelphia,PA,19178,361,4,3,1799,76,740,1932,0.3,3,31
274,73355 Debra Road,Scottsdale,AZ,85260,300,3,1,1940,63,224,2017,3.1,10,34
275,944 Maple Wood Junction,Columbus,OH,43204,856,5,5,2713,50,388,1982,2.5,7,55
276,38 Karstens Hill,Charlotte,NC,28289,886,6,2,1059,51,320,2000,4.6,6,94
277,15555 Jenna Circle,Orlando,FL,32859,397,3,2,2260,35,709,2011,4.8,5,84
278,39 East Junction,New York City,NY,10270,428,3,4,1666,82,471,1989,1.9,3,41
279,1031 Stuart Trail,Oxnard,CA,93034,952,5,5,2963,56,276,1934,1.2,5,97
280,60369 Express Junction,Denver,CO,80270,762,1,2,3114,8,585,1975,5.0,4,34
281,4756 Eliot Circle,Sacramento,CA,95823,362,6,1,689,49,520,1945,2.5,2,73
282,6 Mcbride Parkway,Akron,OH,44305,592,4,4,3079,64,523,2011,2.1,3,71
283,0712 Sunnyside Plaza,Milwaukee,WI,53263,967,1,3,4378,3,270,1985,2.4,8,100
284,39217 Crescent Oaks Trail,San Jose,CA,95128,784,4,3,886,58,163,1976,0.5,8,32
285,502 Vahlen Pass,Washington,DC,20599,889,5,5,725,12,332,1935,0.7,7,82
286,36 Cambridge Plaza,Baton Rouge,LA,70836,987,0,1,3902,63,133,2011,3.0,7,57
287,60 Namekagon Plaza,Philadelphia,PA,19104,511,0,5,4200,28,520,1951,3.1,6,98
288,6 Mayfield Hill,Appleton,WI,54915,856,4,3,725,12,242,1940,2.0,6,75
289,44421 3rd Trail,Fort Lauderdale,FL,33310,717,6,3,2047,52,222,1987,3.5,2,36
290,32123 Mendota Crossing,Amarillo,TX,79176,901,6,4,4139,84,199,2013,1.9,1,66
291,7 Esch Avenue,Bronx,NY,10459,396,3,3,1298,76,409,1991,2.9,8,94
292,050 Fairview Road,Crawfordsville,IN,47937,839,5,5,4562,16,724,2003,4.3,7,98
293,18446 Lotheville Point,Omaha,NE,68105,971,6,1,1824,48,676,2006,1.2,5,84
294,3684 Hudson Pass,Kansas City,MO,64109,761,6,1,1859,77,422,2013,4.6,4,41
295,979 Milwaukee Point,El Paso,TX,88530,567,4,4,3936,17,277,1980,0.4,4,84
296,45458 Scott Park,Lexington,KY,40546,656,4,3,3526,57,552,2005,4.1,9,90
297,7671 Lien Junction,Fresno,CA,93762,591,5,4,1894,42,665,1962,0.7,8,67
298,4152 Eagle Crest Park,Paterson,NJ,07505,314,2,3,4556,10,359,1991,4.2,10,37
299,41202 5th Hill,Charleston,WV,25313,365,3,1,2293,19,259,1939,2.9,6,85
300,68 Sheridan Crossing,Cincinnati,OH,45228,890,0,4,2829,75,323,1973,0.7,8,55
301,31 Arapahoe Plaza,San Bernardino,CA,92410,239,0,5,1021,30,277,1978,0.2,5,86
302,00864 Northview Road,Des Moines,IA,50305,764,2,5,1955,29,614,1967,0.8,2,49
303,6 Everett Street,Houston,TX,77255,617,3,4,662,13,399,1930,1.7,9,76
304,0 Bellgrove Pass,Washington,DC,20430,669,2,4,1385,53,455,1933,0.9,2,83
305,498 Moulton Point,El Paso,TX,79916,306,5,4,4124,23,521,1973,1.1,8,83
306,3 Dawn Point,Atlanta,GA,30340,640,1,4,4969,23,137,1998,3.8,4,55
307,5129 Prentice Hill,Washington,DC,20319,412,2,3,2951,17,372,1986,4.5,3,80
308,23814 Spaight Drive,Shawnee Mission,KS,66286,762,5,5,2487,5,664,1967,2.2,1,42
309,16624 Knutson Parkway,Miami,FL,33233,511,2,2,1226,27,425,2016,2.9,5,45
310,1870 Eliot Circle,Baltimore,MD,21239,297,5,3,2989,20,146,2017,4.7,10,42
311,62096 Twin Pines Terrace,Alexandria,VA,22309,264,0,3,2142,24,704,1983,0.4,8,56
312,215 Red Cloud Drive,Akron,OH,44305,557,1,5,1349,12,491,1966,1.0,6,61
313,28443 Oakridge Terrace,Saint Petersburg,FL,33715,867,6,1,4872,33,197,1930,4.1,4,40
314,5169 Drewry Street,San Diego,CA,92165,248,1,1,1987,85,392,1950,4.0,1,44
315,5872 Summer Ridge Plaza,Lubbock,TX,79415,670,1,5,4095,69,124,1981,3.6,10,76
316,539 Fremont Parkway,Birmingham,AL,35225,730,2,1,675,31,276,1967,0.6,4,94
317,88 Becker Point,Columbia,MO,65211,479,0,4,3982,79,647,1963,2.8,5,100
318,5425 Cherokee Plaza,Reading,PA,19605,294,1,5,4164,52,414,2002,0.4,5,55
319,48 John Wall Street,Carol Stream,IL,60158,597,0,5,1939,26,258,1943,1.7,4,96
320,2162 Corry Pass,Clearwater,FL,34615,577,4,4,1206,50,323,1997,0.3,6,98
321,68229 Badeau Plaza,Baltimore,MD,21290,694,1,1,1617,9,798,1971,2.3,6,34
322,462 Judy Junction,Odessa,TX,79769,847,6,4,4137,10,735,2001,1.5,4,81
323,74 4th Trail,South Lake Tahoe,CA,96154,657,5,4,1530,18,148,1967,1.9,9,75
324,3314 Caliangt Court,Atlanta,GA,30375,876,3,3,3526,88,752,1977,0.6,10,97
325,0109 Rieder Trail,Mansfield,OH,44905,215,5,5,4085,33,290,1977,4.4,3,52
326,91 Continental Circle,Detroit,MI,48258,315,1,4,2797,9,392,1986,1.7,7,93
327,1 Milwaukee Way,New York City,NY,10029,659,1,5,1314,14,620,1979,0.6,8,97
328,5580 Del Mar Way,Sacramento,CA,95894,890,0,2,2794,82,596,1983,2.7,1,36
329,8246 Sullivan Court,Boise,ID,83722,502,3,5,3802,73,745,1961,1.8,9,80
330,47964 Becker Drive,Bakersfield,CA,93311,693,3,5,1972,20,308,1992,2.5,6,49
331,02189 Novick Point,Saint Petersburg,FL,33705,969,1,4,1161,50,588,2007,2.0,8,100
332,055 Maywood Alley,Sacramento,CA,95865,911,2,2,2187,7,479,1980,5.0,2,80
333,61 Pawling Drive,Corona,CA,92878,945,2,1,2570,34,417,1967,0.2,3,99
334,2035 Carioca Avenue,Duluth,GA,30195,914,6,2,4722,10,268,1981,0.5,7,63
335,87878 Village Trail,Shreveport,LA,71105,440,3,1,1883,47,775,1932,0.3,5,83
336,74896 Moose Hill,Sacramento,CA,94291,650,4,4,4815,12,690,2018,3.1,5,48
337,555 Butternut Lane,Portsmouth,VA,23705,285,6,1,2501,31,261,1944,4.7,3,82
338,61980 Morning Alley,Springfield,MA,01152,916,6,5,4537,68,624,1974,2.9,2,71
339,74 4th Way,Rockford,IL,61105,546,4,2,3833,74,423,1953,5.0,8,33
340,9410 Lakeland Way,Albany,NY,12242,823,5,2,898,79,739,2011,4.4,8,54
341,65 Dixon Terrace,Washington,DC,20591,518,6,5,2289,64,368,1950,0.6,7,78
342,84 Morning Alley,Clearwater,FL,33763,520,1,2,4566,24,427,1951,3.3,9,43
343,9850 Novick Parkway,Honolulu,HI,96835,734,6,3,3743,85,799,1948,4.3,3,71
344,73321 Ruskin Plaza,Dallas,TX,75367,907,1,5,1863,73,718,1945,5.0,3,49
345,7227 Gateway Circle,Salt Lake City,UT,84145,517,2,1,3655,11,363,2000,0.5,8,59
346,553 Spaight Plaza,Waterbury,CT,06726,827,2,4,3317,27,703,1947,0.3,3,76
347,195 Forster Road,Carson City,NV,89706,545,2,1,4258,31,460,1962,2.5,5,58
348,9186 Beilfuss Road,Anchorage,AK,99507,608,6,3,678,19,625,2012,1.4,8,99
349,28 Quincy Road,Seattle,WA,98158,989,0,1,2185,52,343,2010,4.8,1,34
350,174 Chinook Crossing,Jeffersonville,IN,47134,405,4,5,1207,67,414,1943,1.0,2,35
351,4 Ilene Alley,Lima,OH,45807,844,6,3,1082,3,474,2016,3.7,2,45
352,6272 Fieldstone Terrace,Phoenix,AZ,85025,255,4,4,4650,52,534,1930,4.9,7,66
353,80696 Heath Way,Maple Plain,MN,55572,398,4,2,512,8,138,1936,4.1,3,99
354,8 8th Lane,Roanoke,VA,24034,539,1,2,4067,20,623,1967,0.3,3,84
355,76952 Gateway Pass,Garland,TX,75044,956,5,4,937,77,689,1946,1.0,9,57
356,1 Eagan Parkway,Baton Rouge,LA,70836,821,3,4,2521,16,152,1983,3.9,10,45
357,80100 Tony Center,Salt Lake City,UT,84125,910,0,4,2757,9,720,1994,4.5,8,50
358,37 Quincy Avenue,Tacoma,WA,98411,501,2,5,1146,68,657,2007,1.4,4,59
359,46459 Sutteridge Park,Fargo,ND,58106,778,6,3,3338,30,256,1997,2.6,3,89
360,20 Rigney Crossing,Jersey City,NJ,07310,455,0,3,1640,60,303,1995,1.7,8,100
361,1714 Brentwood Parkway,Harrisburg,PA,17140,677,1,5,1642,19,736,1966,0.7,2,58
362,571 Algoma Junction,Spokane,WA,99205,202,3,3,3649,48,707,1945,1.9,9,36
363,9192 Susan Road,Wichita,KS,67215,817,0,4,2748,59,366,1980,4.0,10,54
364,84 Carpenter Alley,Akron,OH,44310,912,1,3,3933,42,604,1954,3.7,8,54
365,6092 Clarendon Avenue,Evansville,IN,47705,825,1,2,3454,3,290,2009,1.7,2,62
366,998 Holy Cross Street,Orlando,FL,32885,802,5,3,1132,72,688,1958,4.7,2,75
367,70 Shopko Terrace,Richmond,VA,23220,736,3,5,3970,84,220,1982,0.4,3,35
368,7122 Fair Oaks Park,Raleigh,NC,27621,673,5,1,3626,64,373,1940,1.4,2,97
369,733 Warbler Circle,Charlotte,NC,28215,798,4,2,2915,15,451,1955,2.7,5,59
370,8028 Golf View Street,Irving,TX,75037,506,5,3,1528,67,626,1993,5.0,8,100
371,6441 Kings Junction,New York City,NY,10029,993,0,4,1178,40,163,1985,2.3,8,42
372,6 Ramsey Place,Las Vegas,NV,89130,869,2,5,3504,32,252,1981,3.3,5,85
373,2 Talisman Avenue,New Brunswick,NJ,08922,899,4,1,4265,23,758,1957,3.1,8,90
374,5 Straubel Hill,Roanoke,VA,24048,345,2,5,1978,14,680,1994,4.5,4,30
375,519 Warbler Place,Houston,TX,77080,764,1,5,2521,57,607,2007,3.4,4,51
376,087 Cordelia Junction,Athens,GA,30605,291,6,3,3302,31,703,1974,0.8,2,42
377,36 Messerschmidt Pass,Milwaukee,WI,53210,860,3,4,2452,7,502,1996,2.4,8,99
378,9770 Brickson Park Center,Columbus,GA,31904,575,2,1,2184,53,686,1978,0.3,5,54
379,6 Trailsway Terrace,Hollywood,FL,33028,879,5,3,4251,57,118,1971,3.2,6,94
380,398 Florence Place,Port Saint Lucie,FL,34985,743,0,4,2905,14,382,1974,4.0,10,48
381,488 Kingsford Trail,Chicago,IL,60686,698,1,1,1860,19,584,1968,4.6,4,39
382,7 Columbus Pass,Houston,TX,77206,345,3,2,3836,36,404,1966,3.0,2,74
383,7285 Sherman Park,Sterling,VA,20167,670,5,3,1394,60,424,1995,1.0,8,44
384,0756 Manufacturers Park,Syracuse,NY,13210,458,2,1,1790,83,276,1984,2.5,6,59
385,5 Anthes Circle,Anchorage,AK,99522,634,5,3,3148,28,454,1933,3.3,6,39
386,897 Macpherson Hill,Fort Pierce,FL,34949,483,5,3,1448,34,144,2001,1.4,4,44
387,638 Grasskamp Alley,Roanoke,VA,24048,605,0,3,1651,4,525,1949,1.8,10,60
388,28 Ronald Regan Court,Panama City,FL,32412,432,2,3,2498,31,483,1986,0.9,5,40
389,505 Wayridge Place,Tampa,FL,33680,990,3,3,1579,89,767,1973,1.5,2,79
390,60 Delaware Circle,Bryan,TX,77806,273,1,2,1402,55,306,1997,4.1,1,41
391,05873 Hooker Court,Mobile,AL,36610,908,4,4,2689,17,671,1931,3.7,7,57
392,6958 Lunder Terrace,Fort Lauderdale,FL,33305,593,5,5,2416,65,244,1991,4.9,8,75
393,163 Monica Circle,Washington,DC,20231,550,2,3,1255,48,153,1992,1.7,10,94
394,858 Crownhardt Place,Saint Louis,MO,63104,810,1,2,3842,7,351,2000,3.1,5,75
395,1946 Warrior Drive,El Paso,TX,79950,246,6,3,2533,5,178,1967,0.3,7,37
396,33682 Summerview Parkway,Clearwater,FL,34629,210,3,3,3924,5,208,1942,0.9,10,89
397,13780 International Plaza,Baltimore,MD,21265,569,3,4,4987,20,514,1935,2.3,10,58
398,114 Laurel Crossing,Augusta,GA,30911,239,5,4,4279,44,303,1988,2.7,7,91
399,0 Autumn Leaf Court,Waterbury,CT,06705,680,1,4,1580,56,334,1931,1.9,3,79
400,4 Towne Point,Nashville,TN,37205,977,3,1,4560,16,748,1998,4.3,8,58
401,94967 Pierstorff Way,Indianapolis,IN,46295,432,0,4,2855,82,213,1945,3.2,2,34
402,11 Warner Way,Phoenix,AZ,85035,552,3,4,3236,65,795,1989,1.7,9,46
403,8 Dayton Court,Huntington,WV,25726,796,5,3,1896,13,622,1956,4.1,3,97
404,81 Village Green Parkway,Saint Cloud,MN,56398,454,2,2,1173,27,128,1975,1.3,4,96
405,51 Straubel Center,Milwaukee,WI,53215,241,1,3,3774,45,483,1982,2.5,3,35
406,28132 Northridge Drive,Roanoke,VA,24029,293,1,5,1351,3,280,2004,1.5,5,49
407,229 Oak Pass,Harrisburg,PA,17126,271,6,4,891,66,192,1981,2.4,3,60
408,213 Thierer Point,Seattle,WA,98127,651,2,2,3386,53,760,1963,5.0,9,68
409,6 Spenser Hill,Baton Rouge,LA,70820,727,1,3,3873,87,613,1965,0.3,9,34
410,6588 Holmberg Street,Boston,MA,02208,816,2,5,776,49,633,1971,3.3,2,89
411,8 Hovde Center,Springfield,MO,65805,445,2,5,1936,77,392,1999,4.2,10,97
412,0 Oxford Circle,Wilmington,DE,19897,525,1,1,1163,62,303,2005,4.6,9,39
413,59011 Tennessee Pass,San Diego,CA,92110,616,3,3,3738,84,642,1964,1.9,8,69
414,17554 Jana Plaza,Tacoma,WA,98464,687,0,2,2552,81,169,2007,3.3,1,46
415,191 Prentice Way,Duluth,GA,30096,903,6,5,4920,59,248,1987,4.5,10,64
416,6 Linden Drive,Chicago,IL,60674,546,6,3,886,87,786,1991,0.1,9,32
417,6 Redwing Trail,San Diego,CA,92127,554,6,2,2935,65,583,1960,1.5,3,46
418,850 Iowa Center,Portland,OR,97286,619,1,5,4429,30,561,1963,0.8,10,71
419,3 Sherman Lane,Dallas,TX,75241,930,2,2,2196,44,515,1944,4.4,9,35
420,09542 Claremont Terrace,Falls Church,VA,22047,481,2,5,696,58,163,1981,1.6,5,69
421,8 Derek Hill,Des Moines,IA,50347,503,0,4,4057,50,517,1936,0.7,3,45
422,52707 Golf Course Parkway,Garland,TX,75049,332,5,3,958,48,577,2010,4.5,5,48
423,68 5th Lane,San Diego,CA,92170,287,4,5,4883,32,539,1971,3.2,4,44
424,41123 Erie Point,New York City,NY,10120,520,5,4,1408,85,447,2002,4.0,9,52
425,04153 Waxwing Way,Washington,DC,20205,649,2,2,816,51,268,2005,4.3,5,69
426,8525 Schmedeman Plaza,Kansas City,KS,66105,240,3,5,3725,3,273,2000,0.6,4,47
427,4567 North Terrace,Salt Lake City,UT,84189,353,1,5,4558,20,561,1950,1.4,3,47
428,243 Sommers Road,Amarillo,TX,79182,239,2,5,1735,74,513,1939,4.6,1,96
429,1 Pearson Circle,Houston,TX,77010,707,6,4,4047,81,273,1989,0.6,2,57
430,139 Burning Wood Terrace,Honolulu,HI,96850,362,3,1,1595,67,305,1933,3.5,6,96
431,07 Butternut Junction,El Paso,TX,79984,672,6,5,1942,24,178,1979,0.8,10,95
432,6 Warner Avenue,Arlington,VA,22212,336,4,4,2242,18,189,2008,4.7,8,78
433,12974 Shelley Way,Richmond,VA,23228,968,1,2,2574,7,376,1968,0.7,7,41
434,0 Bay Junction,Fairbanks,AK,99790,937,6,4,2289,90,157,1950,4.5,7,35
435,99 4th Plaza,Van Nuys,CA,91411,589,4,3,2926,43,571,1971,4.1,2,95
436,61126 Reinke Crossing,Naples,FL,33963,567,1,3,3446,44,780,1956,2.2,6,65
437,60448 Kings Way,Los Angeles,CA,90101,901,3,1,3939,73,324,1997,2.0,3,42
438,18876 Pearson Avenue,Amarillo,TX,79159,708,6,4,3739,64,284,1977,2.3,8,83
439,2 Johnson Drive,Petaluma,CA,94975,734,3,4,2658,11,271,2014,4.9,4,77
440,3 Eggendart Trail,Paterson,NJ,07544,802,1,5,2603,39,397,1933,3.9,6,83
441,88982 Onsgard Avenue,Washington,DC,20310,829,3,2,2483,63,678,1992,3.0,10,77
442,077 Truax Lane,Jacksonville,FL,32259,549,0,5,1301,83,593,1988,2.4,5,45
443,46 John Wall Crossing,Nashville,TN,37210,537,2,1,3416,6,320,1947,2.3,3,73
444,4136 Gateway Center,Houston,TX,77095,691,0,5,3375,45,654,2018,0.7,1,94
445,082 Esch Plaza,Arlington,TX,76016,280,4,3,1586,16,659,1981,2.7,3,43
446,1410 Merrick Pass,Evansville,IN,47719,748,0,4,3329,6,483,1995,4.6,2,40
447,664 Longview Hill,Oklahoma City,OK,73147,795,1,2,528,16,536,1957,4.4,4,56
448,4208 Cascade Pass,Memphis,TN,38109,569,2,5,3932,35,725,2003,1.7,8,57
449,08014 Park Meadow Crossing,Prescott,AZ,86305,400,3,4,2645,38,785,1934,3.8,7,78
450,4791 Hanson Place,Colorado Springs,CO,80940,910,0,4,3898,5,268,1960,2.5,4,44
451,4 Hayes Road,Los Angeles,CA,90045,877,6,2,4350,19,756,2002,3.4,7,75
452,96 Starling Park,Knoxville,TN,37939,372,0,1,1128,64,336,1966,3.6,3,43
453,40310 Hanover Way,Akron,OH,44329,249,4,5,890,53,624,1983,0.8,1,89
454,8 Texas Avenue,Austin,TX,78764,926,5,4,3748,15,555,2008,1.7,10,38
455,693 Badeau Junction,New York City,NY,10039,830,2,1,3068,19,595,1955,1.0,8,86
456,52 Nancy Terrace,Birmingham,AL,35254,268,0,1,2760,57,224,2017,2.1,9,57
457,28 Donald Lane,Waterbury,CT,06705,964,0,5,1934,38,583,1956,1.0,5,67
458,875 Linden Lane,Huntington,WV,25711,533,3,5,2194,57,124,1947,3.3,5,33
459,2 Reindahl Crossing,Charlotte,NC,28299,536,5,2,2593,53,767,1945,3.0,4,76
460,79 John Wall Way,Hartford,CT,06160,498,4,2,1538,75,590,1992,4.4,5,73
461,03 Kedzie Trail,Greensboro,NC,27409,682,4,2,1575,51,399,1942,0.2,8,83
462,57864 Vidon Point,San Jose,CA,95108,915,2,1,547,79,794,2013,3.9,2,98
463,53 Heath Alley,Dayton,OH,45470,458,1,5,2039,36,735,1971,4.8,10,52
464,2 Tony Circle,West Palm Beach,FL,33411,737,1,1,868,78,404,1956,4.2,9,32
465,083 Lien Place,Columbus,GA,31904,308,3,1,4449,11,734,1966,1.6,8,43
466,92943 Sundown Center,Jamaica,NY,11447,994,2,5,1136,90,186,1975,3.8,7,82
467,07934 Northwestern Terrace,Peoria,IL,61651,307,5,3,3667,51,225,1999,0.5,8,43
468,41 Straubel Hill,Boston,MA,02124,376,3,5,4074,44,326,1976,2.9,4,78
469,73 Oriole Drive,Reno,NV,89595,987,2,5,4356,56,731,2013,4.6,5,32
470,60143 Helena Way,Newport Beach,CA,92662,691,6,5,1717,44,459,1986,4.5,8,77
471,7 Helena Crossing,Tulsa,OK,74116,623,5,3,2500,3,477,1930,3.7,6,64
472,069 Toban Center,Tucson,AZ,85725,283,4,3,2321,29,610,1966,3.7,7,82
473,07947 Meadow Ridge Parkway,Shreveport,LA,71166,887,1,1,3422,86,382,1933,3.8,2,92
474,0 Sage Trail,Bethesda,MD,20892,622,1,3,3818,11,738,1971,0.3,5,62
475,9 Haas Junction,Chicago,IL,60657,351,6,2,4212,67,431,1953,4.1,3,38
476,231 Florence Plaza,Richmond,VA,23272,802,6,3,2126,53,406,2012,4.4,7,93
477,4 Harper Road,Fresno,CA,93704,570,6,4,4414,40,438,1939,4.4,1,64
478,91839 Bashford Pass,Reading,PA,19610,729,0,2,2999,16,315,1942,2.8,6,81
479,9 Hagan Street,Suffolk,VA,23436,905,2,2,1640,8,231,1943,3.4,2,80
480,4 Kim Parkway,Lake Charles,LA,70607,739,3,1,4248,30,756,1949,2.5,4,60
481,72346 Bluejay Point,Washington,DC,20062,468,5,4,1072,88,252,1966,2.5,7,90
482,9 Longview Center,Amarillo,TX,79165,421,5,5,2028,26,244,1935,0.9,1,56
483,55 Saint Paul Place,Baltimore,MD,21211,505,6,5,963,22,452,1970,2.2,8,70
484,726 Tennessee Street,Tulsa,OK,74126,710,3,1,3559,74,391,2017,1.6,9,53
485,2072 Kings Terrace,Lansing,MI,48956,895,0,3,3352,15,330,2015,2.2,2,67
486,37 Burrows Crossing,Oceanside,CA,92056,232,1,3,2171,39,119,1939,4.8,9,47
487,4553 Farmco Parkway,Metairie,LA,70005,731,0,5,1504,88,327,1938,4.0,8,87
488,2485 Golden Leaf Point,North Port,FL,34290,878,6,2,1375,8,460,1964,2.8,8,95
489,02127 Lillian Crossing,Los Angeles,CA,90030,830,2,5,1023,64,264,2001,3.0,7,50
490,4 Hansons Alley,Sacramento,CA,94237,744,0,4,3683,66,511,2012,3.0,7,53
491,67 Anhalt Park,Melbourne,FL,32919,625,1,3,4722,90,389,1953,3.9,2,88
492,942 Nobel Circle,Des Moines,IA,50310,883,0,5,4384,38,434,1998,1.7,3,36
493,9713 Sugar Pass,Reno,NV,89550,602,5,4,1343,80,606,1964,4.0,7,52
494,05226 Main Parkway,Washington,DC,20099,712,4,1,1781,48,335,1983,3.1,10,60
495,616 Ryan Place,San Diego,CA,92145,728,2,3,2068,84,267,1982,2.2,8,48
496,45910 Towne Center,Round Rock,TX,78682,321,1,3,3679,49,598,2000,0.2,8,94
497,31 Utah Plaza,Orange,CA,92668,392,0,1,3311,20,416,1966,2.5,6,57
498,7 Everett Street,Hartford,CT,06183,285,1,5,4132,90,414,1951,0.5,4,56
499,5953 Old Shore Parkway,Fort Worth,TX,76105,518,6,1,991,9,246,1987,1.6,7,95
500,111 Farragut Circle,Raleigh,NC,27605,724,6,2,3640,83,461,1972,4.8,10,50
501,157 Hovde Street,Miami,FL,33169,346,2,1,4002,38,213,1951,2.5,8,67
502,50995 Sutherland Lane,Canton,OH,44760,720,1,5,4251,42,400,1970,3.9,10,89
503,58453 Washington Avenue,Washington,DC,20088,954,6,4,1764,77,172,1938,1.5,6,93
504,774 Killdeer Way,Houston,TX,77212,975,0,4,3330,3,392,1997,1.0,10,41
505,7246 Shelley Road,Greensboro,NC,27425,978,4,4,1675,21,380,1950,0.7,8,30
506,66460 Fordem Way,Peoria,IL,61651,870,1,1,3016,63,102,1956,3.1,4,39
507,920 Bultman Court,Hagerstown,MD,21747,697,2,1,1133,30,202,1959,2.6,5,88
508,25 Carberry Plaza,Santa Barbara,CA,93150,961,5,2,884,61,279,1973,4.5,6,50
509,5 Golf Course Drive,Madison,WI,53790,277,1,3,2324,41,377,1973,4.7,5,54
510,32359 Lake View Trail,Lima,OH,45807,790,4,2,2570,61,118,1964,4.0,4,64
511,3170 Buhler Street,Saint Louis,MO,63104,722,6,1,2134,18,708,1982,1.2,10,90
512,4070 Longview Terrace,Roanoke,VA,24040,656,4,5,4568,53,247,1999,4.2,2,74
513,80145 Prairieview Alley,Houston,TX,77240,433,4,3,4177,28,697,2012,3.1,6,90
514,970 Kinsman Terrace,Omaha,NE,68124,872,5,3,3207,86,475,1962,2.2,6,32
515,3214 Buena Vista Hill,Lincoln,NE,68505,562,0,5,2166,47,484,1963,2.2,4,71
516,19717 Forster Hill,Cambridge,MA,02142,222,0,4,2675,69,706,1975,3.1,5,57
517,03 American Plaza,Fairfax,VA,22036,820,5,2,4190,79,118,1980,2.9,2,66
518,08 Union Road,Miami,FL,33261,569,2,3,4919,28,630,1935,3.9,9,64
519,6291 John Wall Lane,Metairie,LA,70005,230,1,5,1491,62,737,1952,3.7,10,87
520,43 Delaware Center,Grand Rapids,MI,49560,703,5,4,3859,34,469,1976,1.8,1,56
521,6449 Sundown Crossing,Evansville,IN,47705,801,0,2,1563,90,127,1980,1.2,1,49
522,94300 Pawling Plaza,Phoenix,AZ,85067,895,2,5,3125,75,363,1980,3.8,1,98
523,6237 Thompson Way,Phoenix,AZ,85015,276,4,4,1487,73,652,1948,2.8,2,52
524,506 Mccormick Pass,Battle Creek,MI,49018,324,0,5,1902,12,251,1969,2.1,4,75
525,63 East Junction,Dallas,TX,75265,940,1,2,4226,60,228,1975,1.4,8,74
526,8 Delladonna Street,Minneapolis,MN,55441,887,4,1,615,74,398,2011,4.3,3,83
527,82912 Green Ridge Crossing,Sacramento,CA,95823,297,3,4,1075,57,577,2011,3.0,9,58
528,9627 Waywood Circle,Indianapolis,IN,46216,284,2,1,3599,11,704,1982,3.9,6,90
529,146 Elgar Place,Pittsburgh,PA,15279,637,5,1,1022,49,624,1933,4.3,1,57
530,36 Red Cloud Terrace,San Bernardino,CA,92415,461,6,1,4763,90,561,2001,4.7,2,34
531,233 Mcguire Place,Oakland,CA,94660,806,4,5,3867,56,238,1980,0.8,3,61
532,7 Merrick Junction,Lancaster,CA,93584,858,3,4,4919,63,207,1971,4.0,8,60
533,2649 Forest Dale Alley,Bakersfield,CA,93381,782,1,2,2975,48,118,1980,4.4,3,41
534,063 Clove Circle,Cleveland,OH,44118,810,1,4,1673,19,695,1964,0.2,2,100
535,098 Burrows Drive,Denver,CO,80217,945,1,3,1764,43,219,1931,3.6,10,97
536,62 Almo Alley,Fort Wayne,IN,46852,870,3,4,3725,27,391,2010,1.0,6,87
537,5 Haas Drive,Tampa,FL,33625,459,5,5,1082,19,140,1931,0.7,10,80
538,69050 Luster Lane,Albany,GA,31704,996,4,3,4045,41,794,1952,2.1,5,63
539,21525 Armistice Center,Saint Petersburg,FL,33715,692,1,5,949,54,332,1935,1.6,9,81
540,71 Corry Lane,Rochester,MN,55905,655,4,5,1851,29,386,1982,0.9,4,39
541,848 Lunder Alley,Topeka,KS,66611,484,0,1,1386,32,204,1989,3.1,9,64
542,94876 Pearson Trail,West Hartford,CT,06127,933,4,2,1197,5,657,1941,4.4,4,61
543,5725 Jay Alley,Springfield,IL,62711,658,3,4,932,60,663,1936,0.9,5,32
544,898 Bellgrove Junction,Washington,DC,20099,704,0,1,1784,72,657,2000,4.4,4,44
545,0403 New Castle Crossing,Des Moines,IA,50310,410,6,4,3407,83,785,1998,2.1,2,72
546,55 Knutson Road,San Jose,CA,95194,732,0,4,2257,45,489,2016,4.7,6,73
547,4 Butternut Park,Fort Wayne,IN,46896,737,1,1,2200,74,381,1976,2.2,5,98
548,07196 Cambridge Terrace,Scottsdale,AZ,85271,470,3,3,1996,75,518,1980,4.0,4,68
549,60 Springview Drive,Baton Rouge,LA,70883,487,5,5,2967,57,460,1931,0.5,5,51
550,483 Forster Road,Huntington Beach,CA,92648,480,3,3,4350,88,441,1974,4.5,10,53
551,7 Scoville Circle,Springfield,IL,62718,483,5,3,4217,71,504,1966,3.0,4,66
552,4 Forest Trail,New York City,NY,10009,827,2,3,2458,63,524,1936,1.2,5,53
553,12071 Banding Drive,Philadelphia,PA,19093,971,0,2,3240,85,636,1975,3.6,2,37
554,2862 Eagle Crest Crossing,Cincinnati,OH,45228,589,3,2,4313,56,784,2001,4.5,4,68
555,906 East Crossing,Wichita,KS,67210,438,5,2,3131,87,467,1999,1.5,9,76
556,55600 Myrtle Plaza,Paterson,NJ,07505,970,5,5,4211,41,666,1989,3.7,5,51
557,57308 Banding Point,Greenville,SC,29605,767,2,1,3904,3,220,1999,2.5,9,86
558,426 Warbler Court,Philadelphia,PA,19131,285,2,1,744,13,784,1944,2.0,4,76
559,374 Russell Circle,Jackson,MS,39204,824,6,1,3270,86,722,1932,0.5,8,39
560,99066 Stuart Trail,Tacoma,WA,98464,378,2,5,3213,87,645,2015,3.7,3,82
561,633 Toban Place,El Paso,TX,79994,854,3,5,4505,83,477,1944,1.5,9,52
562,999 Declaration Plaza,Sacramento,CA,94280,699,5,1,642,75,625,1995,1.7,10,47
563,1529 Lawn Parkway,Sparks,NV,89436,507,0,3,2216,10,368,1988,3.9,1,89
564,21935 Meadow Vale Lane,Minneapolis,MN,55441,370,6,1,1056,69,197,1955,1.8,4,60
565,9755 Oak Terrace,Birmingham,AL,35236,226,4,1,772,41,135,1966,2.2,7,51
566,94 Nobel Avenue,Crawfordsville,IN,47937,742,1,2,4103,23,567,1949,2.4,4,86
567,1203 Autumn Leaf Plaza,Memphis,TN,38131,839,2,4,2642,43,744,1938,0.6,5,48
568,37634 Granby Junction,Fort Worth,TX,76178,247,0,4,3121,84,512,1965,1.1,9,33
569,8 Cascade Avenue,Rochester,NY,14646,468,5,4,2425,23,129,1964,1.3,4,89
570,5 Harbort Road,Toledo,OH,43615,616,1,5,1941,14,624,2010,3.4,7,40
571,908 Northport Street,Toledo,OH,43656,474,2,5,1369,72,502,1999,1.3,4,73
572,2529 Loeprich Crossing,Washington,DC,20010,394,1,5,2558,76,744,1945,4.7,4,75
573,3 Miller Place,Washington,DC,20380,989,4,3,583,47,215,2010,0.9,2,53
574,61 Moland Point,Charlottesville,VA,22903,748,2,3,776,8,280,1935,1.0,3,79
575,9888 Quincy Park,Fort Lauderdale,FL,33355,681,6,5,4923,62,683,1992,0.8,6,81
576,79651 Sherman Lane,Charlotte,NC,28230,794,3,4,4502,8,600,1960,0.5,6,30
577,6 Reindahl Trail,Colorado Springs,CO,80951,486,2,5,2366,18,176,1995,0.6,4,89
578,18861 Morningstar Drive,Washington,DC,20210,612,6,4,1761,42,437,1977,4.6,6,62
579,085 Stang Way,Gainesville,FL,32610,359,6,1,4117,51,749,1976,1.6,4,64
580,24 Coleman Junction,Sparks,NV,89436,989,4,3,3767,85,587,1932,4.7,7,91
581,62987 Westend Junction,Hartford,CT,06145,221,1,1,3442,47,578,1964,4.6,4,95
582,0 Leroy Alley,Augusta,GA,30911,206,2,4,3583,75,190,1981,0.3,4,86
583,44608 Dahle Point,West Palm Beach,FL,33405,915,1,4,3873,7,387,1943,3.8,7,42
584,56 Porter Center,Pensacola,FL,32505,476,1,1,4122,69,686,2000,3.1,9,79
585,71 Thackeray Hill,Fort Worth,TX,76162,211,3,5,3070,21,503,1941,0.2,5,94
586,72 Cascade Place,South Bend,IN,46614,990,6,3,1694,83,338,2005,4.8,3,64
587,3 Pierstorff Hill,Glendale,AZ,85311,636,4,3,640,16,655,1991,2.3,9,64
588,02 Elka Avenue,Philadelphia,PA,19184,588,3,5,2584,89,644,1998,4.9,2,69
589,05 Golf Court,Orange,CA,92862,784,0,2,4515,71,245,2014,2.2,4,50
590,7 Hanson Circle,Oklahoma City,OK,73173,637,3,5,1120,86,123,1951,2.9,9,77
591,08455 Bay Way,Oklahoma City,OK,73167,291,4,2,2622,44,424,1976,3.7,5,48
592,344 Rusk Junction,Houston,TX,77206,810,4,3,3423,40,743,1944,4.3,7,84
593,17393 Northland Pass,New York City,NY,10275,610,6,5,3585,8,269,1947,3.8,8,86
594,613 Packers Circle,Santa Cruz,CA,95064,995,3,4,4648,75,358,1947,1.2,1,37
595,51 Arizona Court,Nashville,TN,37245,801,5,2,4173,42,204,1943,1.4,1,72
596,3 Ruskin Trail,Lexington,KY,40586,641,3,4,2504,66,410,1952,4.6,4,65
597,4 Thackeray Court,Austin,TX,78732,827,3,3,2030,14,473,1931,2.0,7,44
598,02556 David Court,Pasadena,CA,91103,220,1,5,852,65,402,1979,4.3,8,33
599,407 Pankratz Street,Jacksonville,FL,32204,582,6,1,2648,22,677,1984,3.3,5,92
600,93 Toban Terrace,Sarasota,FL,34276,423,6,2,968,11,767,2002,4.4,2,100
601,653 Summerview Lane,Evansville,IN,47712,380,6,5,2004,34,263,1970,1.3,7,96
602,49 Green Ridge Parkway,Springfield,MO,65805,819,3,2,1695,70,353,1943,0.6,10,46
603,54 Spenser Court,Syracuse,NY,13205,556,3,4,2930,34,382,1960,1.2,2,61
604,20 Anderson Parkway,Bronx,NY,10459,696,4,2,4977,8,300,1950,2.3,6,35
605,89390 Pleasure Plaza,Phoenix,AZ,85099,301,2,1,3489,67,684,1951,3.9,6,34
606,529 Daystar Alley,Lehigh Acres,FL,33972,375,4,5,4803,33,273,1937,2.6,9,57
607,725 Surrey Hill,Charleston,WV,25336,658,6,5,2601,75,399,1932,2.7,5,74
608,62 Summer Ridge Junction,Flushing,NY,11388,692,3,1,3014,9,331,2010,2.7,2,79
609,14 Prairie Rose Circle,Saint Paul,MN,55127,837,4,2,4849,20,517,2002,2.2,1,64
610,42 Merry Plaza,Charlotte,NC,28278,629,5,3,1505,54,736,1985,4.1,4,48
611,551 Thackeray Road,Washington,DC,20508,359,2,3,2950,33,657,1995,0.4,5,41
612,381 Bowman Park,Morgantown,WV,26505,222,0,5,1685,55,751,1983,0.7,2,33
613,3 Sachtjen Junction,Tempe,AZ,85284,446,6,5,552,16,327,1994,3.5,5,98
614,22098 Walton Parkway,Houston,TX,77218,648,6,1,2345,22,681,1980,1.5,3,34
615,93722 Summerview Circle,Charlotte,NC,28299,973,0,5,3109,21,575,1946,3.5,8,74
616,7411 Cascade Trail,Beaufort,SC,29905,298,6,5,3340,70,184,1986,3.1,8,75
617,16 Evergreen Way,Columbus,OH,43210,636,3,5,3861,72,614,1999,1.5,7,48
618,1 Mitchell Street,Providence,RI,02912,559,3,2,2466,5,664,2011,2.1,4,30
619,9242 Longview Junction,Waco,TX,76705,845,1,1,1343,9,248,1938,0.6,4,90
620,8743 Cascade Park,Escondido,CA,92030,665,0,1,4027,59,579,2000,0.3,8,85
621,13 Red Cloud Point,Virginia Beach,VA,23464,570,4,2,4825,21,122,1976,2.7,3,76
622,2 Russell Center,Birmingham,AL,35254,677,3,3,3623,53,578,1954,1.4,9,50
623,2 Kim Point,Sioux City,IA,51110,588,6,4,1646,81,472,1963,4.7,8,52
624,84565 Hansons Place,New Haven,CT,06505,353,3,3,901,83,716,1991,1.3,8,72
625,0 Meadow Vale Hill,Fort Lauderdale,FL,33336,892,4,4,3044,78,800,1980,0.5,8,80
626,16 Namekagon Avenue,Seattle,WA,98109,267,1,1,2584,58,505,2005,1.3,7,80
627,13287 Clarendon Circle,College Station,TX,77844,425,3,1,817,16,125,1955,0.2,10,63
628,62 Killdeer Plaza,Maple Plain,MN,55579,899,1,2,4346,8,469,2001,4.9,8,78
629,71 Fuller Circle,Chico,CA,95973,931,5,1,4318,19,522,1990,4.1,8,39
630,308 Miller Parkway,Atlanta,GA,30386,332,2,5,2187,89,609,2011,3.4,6,47
631,926 Lyons Plaza,Berkeley,CA,94705,606,1,1,2123,24,795,1992,0.9,1,48
632,86 Red Cloud Crossing,Durham,NC,27710,749,2,4,4689,39,742,1932,1.1,8,92
633,63 Coleman Crossing,Newark,NJ,07188,776,5,5,1972,76,371,1980,1.1,1,41
634,633 Anderson Road,Philadelphia,PA,19104,556,5,3,3278,37,123,1986,5.0,3,83
635,44 Buell Court,Washington,DC,20397,549,6,1,4815,39,303,2007,4.5,4,94
636,36923 Kropf Terrace,New York City,NY,10120,364,2,4,4142,5,519,1972,3.2,8,89
637,9556 Longview Alley,Columbia,SC,29225,853,3,5,3316,39,701,2006,4.9,6,92
638,7665 New Castle Court,Carson City,NV,89706,211,2,1,1567,52,596,2014,4.2,9,46
639,87517 Longview Drive,Tucson,AZ,85725,737,5,4,2966,10,413,1956,1.8,2,32
640,9 Lindbergh Circle,Durham,NC,27710,912,1,4,590,49,680,2016,0.4,10,95
641,9229 Nova Place,Baton Rouge,LA,70820,616,6,3,1131,87,400,1933,2.1,9,43
642,409 School Point,Atlanta,GA,31136,303,3,3,2521,71,785,1965,2.1,8,39
643,43668 Forster Avenue,Vero Beach,FL,32969,703,0,3,2273,4,590,1994,3.7,6,73
644,64721 Schlimgen Junction,Lexington,KY,40524,238,0,1,4614,29,237,1932,2.1,10,74
645,6 Vera Center,Pittsburgh,PA,15215,302,6,3,1681,55,192,1968,1.8,10,33
646,40694 Heath Avenue,Columbia,MO,65218,815,6,5,1277,27,593,1993,1.1,2,75
647,0 Comanche Lane,Port Saint Lucie,FL,34985,975,6,5,4430,30,245,1994,3.2,9,30
648,046 Erie Circle,Knoxville,TN,37931,501,2,5,3635,55,417,1950,2.2,8,35
649,5 Katie Junction,Monticello,MN,55585,543,0,3,3511,60,526,1988,4.9,2,90
650,419 Porter Avenue,New York City,NY,10292,656,6,2,3141,46,242,2001,3.8,4,68
651,18 Namekagon Hill,Chicago,IL,60657,704,6,4,1389,88,417,2006,1.0,8,31
652,1168 Atwood Hill,Bronx,NY,10469,220,5,3,2391,60,406,1959,3.5,2,98
653,1216 Boyd Park,El Paso,TX,88574,337,4,4,1570,7,536,1965,4.5,10,65
654,4 Delaware Circle,Oklahoma City,OK,73124,771,6,2,3868,85,771,1977,3.7,10,62
655,38410 Roxbury Hill,Fort Worth,TX,76121,658,2,2,4699,72,453,1955,1.0,5,37
656,6 Village Green Lane,Atlanta,GA,30301,522,3,4,4259,78,777,2013,0.4,2,66
657,131 Rockefeller Center,Boston,MA,02216,661,5,5,4403,54,352,1979,1.5,3,85
658,3 Hoffman Trail,Tampa,FL,33647,642,5,4,1565,22,674,1994,2.0,8,44
659,162 Messerschmidt Hill,Fresno,CA,93715,641,3,4,822,6,511,2006,1.0,7,90
660,88975 Acker Terrace,Chattanooga,TN,37410,259,0,5,689,42,358,1956,0.3,6,85
661,9 Hoffman Alley,Baltimore,MD,21281,418,3,2,1024,45,125,1952,3.0,9,43
662,6 Tennessee Pass,Denver,CO,80291,459,5,2,2964,39,456,1988,3.5,1,82
663,3 Spohn Street,Las Vegas,NV,89135,672,3,1,4359,83,453,1956,3.4,3,81
664,9363 Heath Park,Washington,DC,20503,620,2,4,592,5,405,1965,0.2,1,81
665,1 Menomonie Plaza,New York City,NY,10203,743,0,2,3996,78,510,1938,4.3,7,78
666,08 Montana Place,Phoenix,AZ,85045,747,3,3,3541,55,304,1930,4.5,6,79
667,3692 Oriole Crossing,Champaign,IL,61825,933,1,2,4875,10,482,1962,4.1,9,94
668,8758 Graceland Place,Toledo,OH,43656,302,3,5,4171,42,396,1973,1.5,10,37
669,7 5th Street,Rochester,NY,14646,593,1,5,2974,54,393,1984,1.7,3,62
670,42 Debs Court,Wilmington,DE,19897,764,2,1,3807,6,300,1992,0.8,2,30
671,79 Green Ridge Drive,Metairie,LA,70005,664,5,1,3613,29,451,1933,2.3,6,32
672,4 Bonner Point,Winston Salem,NC,27157,862,0,4,2715,78,563,1993,1.6,3,31
673,87 Grover Crossing,Denton,TX,76210,471,1,4,1910,36,369,1964,3.3,6,38
674,0 Orin Circle,Chicago,IL,60674,576,0,2,3411,74,327,1956,1.3,9,31
675,125 Blaine Park,Kansas City,MO,64101,991,1,4,1564,66,564,1976,2.6,4,100
676,3761 Spenser Pass,Riverside,CA,92519,287,5,1,4761,56,283,1966,2.9,2,85
677,276 Garrison Avenue,El Paso,TX,88546,873,1,5,1450,38,662,1963,2.0,2,57
678,4987 Jay Park,Naples,FL,34108,447,0,1,2840,36,459,1984,1.5,6,82
679,45 Thierer Circle,Des Moines,IA,50330,577,2,5,701,53,641,2009,3.2,6,39
680,6 Mallard Point,Paterson,NJ,07544,441,5,3,1975,52,214,1972,4.2,1,88
681,49 Porter Drive,Philadelphia,PA,19184,664,6,2,1759,9,114,1953,2.2,3,71
682,13 Monument Junction,Arlington,VA,22225,574,0,3,1051,42,137,1954,4.8,9,60
683,33107 Grayhawk Hill,Boulder,CO,80305,913,5,4,1274,37,118,1955,0.6,6,72
684,16671 Michigan Way,Philadelphia,PA,19196,565,1,5,1450,48,592,1935,4.3,9,99
685,96879 Prentice Court,Kalamazoo,MI,49006,855,2,5,2783,27,668,1973,3.9,2,36
686,52196 Bluejay Junction,Albuquerque,NM,87105,616,2,4,581,7,462,1950,3.2,8,31
687,8917 Doe Crossing Place,Saint Louis,MO,63126,495,1,3,2955,54,238,2011,2.6,2,90
688,1667 Canary Drive,Missoula,MT,59806,384,3,3,995,80,579,1984,0.3,3,61
689,97 Stoughton Place,Washington,DC,20057,356,3,5,4957,52,676,1933,0.9,3,68
690,8 Melrose Terrace,San Luis Obispo,CA,93407,794,4,2,4371,83,258,1942,2.9,7,74
691,12 Vernon Plaza,Saint Paul,MN,55103,283,2,4,4436,81,170,1933,1.6,8,63
692,54632 Goodland Pass,Fort Worth,TX,76134,912,2,2,2586,33,727,1977,0.4,1,95
693,35207 Onsgard Way,Albuquerque,NM,87201,227,3,5,1476,74,669,1943,2.6,7,36
694,457 Esch Avenue,San Antonio,TX,78291,503,3,1,870,22,678,1932,3.4,4,46
695,16 Dottie Alley,Maple Plain,MN,55579,609,6,5,904,19,798,1979,4.1,9,31
696,8 Morningstar Hill,Washington,DC,20430,820,4,2,4286,71,352,1999,3.3,2,35
697,62827 Londonderry Parkway,Appleton,WI,54915,902,5,1,3944,84,346,1937,3.8,9,86
698,812 Hovde Road,Alhambra,CA,91841,440,0,1,2882,21,722,1963,1.0,6,98
699,742 Bashford Way,Lexington,KY,40576,691,1,5,1852,72,351,1937,4.8,10,99
700,3277 Clove Crossing,Atlanta,GA,30328,877,5,4,2218,89,773,1990,1.9,3,50
701,46 Fisk Circle,Kansas City,MO,64193,500,5,4,3858,19,554,1971,1.8,5,72
702,2935 Scofield Plaza,Wichita,KS,67215,895,5,2,568,66,400,1940,0.8,10,73
703,6714 Logan Alley,Falls Church,VA,22047,250,6,5,2142,31,120,1977,3.7,7,32
704,6869 Anderson Trail,Saint Louis,MO,63180,693,2,3,4388,42,643,2009,2.0,10,33
705,70 Blaine Junction,Fort Lauderdale,FL,33320,736,1,3,1281,40,248,1981,3.1,4,54
706,281 Jana Parkway,Albany,NY,12222,935,6,2,1041,50,132,1970,1.8,5,95
707,5500 Valley Edge Parkway,Louisville,KY,40293,994,2,2,4934,49,307,1971,4.5,5,30
708,779 Evergreen Pass,Bozeman,MT,59771,826,4,5,1227,31,431,2018,3.4,10,94
709,2 Miller Way,San Bernardino,CA,92424,335,0,1,2358,37,724,1939,4.3,4,51
710,214 Maple Plaza,Phoenix,AZ,85072,694,1,1,3236,16,650,1990,1.8,2,90
711,52 Village Green Alley,Fort Pierce,FL,34949,809,2,4,4455,72,786,1979,3.5,10,31
712,1 Vidon Park,Houston,TX,77030,905,3,1,2009,68,596,1972,0.5,7,75
713,1747 Victoria Junction,Midland,MI,48670,702,4,3,3443,12,273,1995,4.4,2,47
714,5 Marquette Plaza,Newark,NJ,07104,564,2,2,2282,34,749,1940,4.0,1,89
715,3 Raven Place,Houston,TX,77250,297,4,5,3879,31,787,1982,4.9,3,76
716,3802 Harbort Alley,Philadelphia,PA,19136,789,2,5,2016,19,367,1935,0.4,5,82
717,9046 Dunning Place,Miami,FL,33190,205,4,5,3139,73,231,1931,4.9,3,35
718,0806 Florence Junction,El Paso,TX,79940,847,0,4,2511,14,129,2006,4.7,4,33
719,0990 Dakota Park,Norfolk,VA,23520,600,0,5,3744,25,623,2008,1.0,4,37
720,86684 Melody Way,Tampa,FL,33694,386,0,2,503,21,466,1981,0.9,1,37
721,7575 Swallow Plaza,Charlotte,NC,28272,787,6,3,3396,47,278,1937,2.7,2,86
722,5365 Brentwood Parkway,Riverside,CA,92513,528,6,1,1305,14,774,2012,0.4,8,86
723,06309 Harbort Avenue,Brooklyn,NY,11220,459,1,5,1587,39,740,1987,0.8,1,63
724,16 Tomscot Street,Birmingham,AL,35220,406,1,3,3872,55,275,1932,4.4,4,45
725,6 Jay Court,Sacramento,CA,95865,833,4,5,1028,27,378,2008,4.5,10,38
726,4 Loomis Alley,Indianapolis,IN,46295,395,6,5,1014,44,271,1951,2.9,8,45
727,78466 Holy Cross Junction,Alexandria,VA,22301,236,6,3,2181,58,244,1996,2.4,7,78
728,55786 Clyde Gallagher Park,Salem,OR,97306,884,1,4,4549,86,418,1936,0.3,4,32
729,8854 Kim Way,Houston,TX,77050,295,0,1,4330,52,340,1942,1.2,5,77
730,252 Reinke Pass,Philadelphia,PA,19109,640,5,4,988,81,623,1975,1.6,4,96
731,5525 Garrison Point,Boise,ID,83727,716,1,1,598,6,136,1943,3.3,7,97
732,50 Redwing Drive,Dallas,TX,75241,911,0,3,1540,29,136,1988,0.4,3,49
733,0745 Granby Drive,Bakersfield,CA,93311,552,5,3,998,18,264,2017,4.1,8,78
734,9158 Talisman Avenue,Waterbury,CT,06726,875,5,1,3758,38,115,1969,3.1,10,45
735,9875 Declaration Parkway,Las Vegas,NV,89166,240,5,1,4727,62,663,1984,3.6,1,65
736,5 Goodland Place,Richmond,VA,23272,434,2,2,3009,90,212,1957,4.6,3,60
737,38 Carey Junction,Van Nuys,CA,91406,905,4,2,3472,25,290,2004,3.7,10,71
738,04683 Scofield Alley,Grand Forks,ND,58207,356,5,2,1570,17,789,1933,4.1,6,61
739,848 New Castle Drive,Newport Beach,CA,92662,339,0,2,1140,49,383,1939,3.0,6,58
740,8937 Anderson Point,Milwaukee,WI,53205,720,0,3,2162,28,683,1945,4.6,5,80
741,660 Pine View Park,Alhambra,CA,91841,593,4,3,1030,42,650,1973,0.9,7,88
742,9784 Dennis Place,Huntington,WV,25716,957,5,4,2591,60,223,2015,0.5,1,82
743,07 Luster Junction,Sacramento,CA,94280,632,3,4,2520,77,567,1990,4.4,9,89
744,75677 Waywood Point,Atlanta,GA,30351,702,4,5,1517,6,665,1968,3.9,6,79
745,5 Elka Place,Sterling,VA,20167,799,2,1,565,77,159,2016,4.1,5,63
746,71603 Loeprich Parkway,Saint Louis,MO,63121,439,5,4,1126,59,699,1994,4.3,8,61
747,40 Knutson Trail,Brooklyn,NY,11210,520,2,4,3044,67,694,1960,0.2,10,75
748,91028 Del Mar Way,Dallas,TX,75221,249,5,3,3178,7,240,1941,0.7,9,95
749,584 Kennedy Street,Lansing,MI,48919,990,0,4,1788,50,529,1968,1.6,5,69
750,1133 West Court,Sterling,VA,20167,579,3,5,4083,69,194,1988,3.4,2,44
751,23763 Buhler Drive,Jackson,MS,39210,518,3,5,583,23,679,2018,1.1,5,98
752,59 Moland Place,Minneapolis,MN,55412,798,4,1,1351,21,400,1930,2.5,4,47
753,530 Center Road,Washington,DC,20088,474,1,5,1235,32,610,1968,3.4,5,40
754,594 Kedzie Alley,Miami,FL,33185,218,1,2,2340,66,756,1959,3.4,4,64
755,162 Pine View Pass,Fort Worth,TX,76178,589,5,3,4476,26,723,1936,1.2,1,44
756,06365 Mifflin Court,Atlanta,GA,31196,639,6,2,4871,59,478,1966,1.4,1,37
757,85053 Acker Hill,Rochester,NY,14604,405,4,1,4895,12,698,1969,2.9,10,90
758,511 Hansons Trail,Denver,CO,80270,904,5,3,2737,55,695,1957,4.3,10,31
759,19445 Warbler Center,Minneapolis,MN,55436,664,1,3,4962,68,371,1959,3.8,8,30
760,60 Schmedeman Lane,Amarillo,TX,79105,960,0,2,682,27,551,1958,2.2,8,91
761,073 Crownhardt Junction,Fresno,CA,93726,518,3,4,4466,50,679,2004,0.3,6,50
762,51435 Lakeland Hill,Boise,ID,83732,531,0,1,773,54,484,1969,2.0,2,35
763,316 Thompson Place,Kansas City,MO,64190,344,5,1,4128,71,537,1994,3.1,8,57
764,62 Holmberg Court,Reading,PA,19610,229,6,1,1653,77,123,1967,2.2,9,31
765,5995 Kennedy Lane,Lancaster,PA,17622,377,4,2,2390,30,518,1989,2.2,7,63
766,248 Spohn Center,Phoenix,AZ,85083,630,5,5,3310,40,690,1983,1.8,5,46
767,439 Alpine Road,Philadelphia,PA,19109,815,3,5,3360,7,731,1941,2.3,5,90
768,1204 Forest Dale Point,Orlando,FL,32825,639,2,3,4434,47,433,1994,2.8,6,80
769,07562 Harper Drive,Roanoke,VA,24048,407,4,3,2165,26,505,1959,0.8,3,94
770,603 Schlimgen Pass,El Paso,TX,79911,724,6,3,3503,70,614,1999,1.5,7,33
771,4 Bay Hill,Phoenix,AZ,85005,455,4,5,1438,41,558,1954,3.5,3,67
772,33189 Drewry Street,Inglewood,CA,90398,715,1,1,3903,36,755,1980,4.4,4,39
773,8945 East Hill,Houston,TX,77075,336,1,2,4487,34,464,1932,0.5,4,79
774,77899 Golden Leaf Pass,Saint Joseph,MO,64504,387,6,1,4438,12,598,2015,0.6,8,66
775,15008 Meadow Ridge Road,Amarillo,TX,79118,286,4,1,4648,35,647,1946,4.3,10,69
776,6 Kinsman Hill,San Diego,CA,92110,240,0,2,1977,53,740,1938,4.3,4,34
777,2243 North Parkway,Montgomery,AL,36109,284,1,5,1567,46,750,1940,4.1,8,36
778,2165 Scott Way,Denver,CO,80291,499,4,5,3344,52,127,1961,0.3,2,39
779,9 Havey Junction,Waltham,MA,02453,903,2,1,4297,87,560,1994,4.9,1,51
780,1322 Parkside Center,Salem,OR,97312,747,0,4,1833,31,145,2011,0.9,2,87
781,3 Kipling Place,Houston,TX,77015,372,4,1,3012,30,538,1992,0.1,6,32
782,989 Lillian Hill,Washington,DC,20470,919,3,5,4572,33,695,1985,2.7,4,49
783,79 Dayton Circle,Santa Fe,NM,87592,863,6,2,1166,61,594,1996,2.0,7,73
784,9008 Kim Crossing,Springfield,MO,65898,276,5,2,2966,71,391,1997,2.8,7,70
785,8866 Di Loreto Avenue,Pasadena,CA,91131,673,5,4,624,61,740,1957,4.8,1,85
786,8228 Hoepker Circle,Atlanta,GA,30351,515,5,3,4666,78,637,1952,2.8,1,42
787,7333 Glacier Hill Street,Newark,NJ,07112,221,2,5,1216,20,412,1959,2.5,3,36
788,963 Evergreen Hill,Sacramento,CA,94237,830,1,4,4126,78,352,1946,4.3,4,33
789,9 Harper Alley,Atlanta,GA,30311,623,6,2,3671,17,192,1945,4.8,6,52
790,51 Monterey Trail,Philadelphia,PA,19141,880,3,3,2666,11,748,1954,4.9,10,99
791,864 Meadow Vale Park,Indianapolis,IN,46295,689,3,1,3134,54,459,1959,1.0,4,68
792,6 Summer Ridge Court,San Diego,CA,92132,338,1,1,2578,37,671,1931,0.6,7,37
793,3 Huxley Alley,Hartford,CT,06152,455,2,3,1095,55,195,1966,4.0,3,38
794,1 Morning Place,Fort Myers,FL,33994,884,6,3,3774,67,215,2013,3.7,3,75
795,13852 Fulton Plaza,Honolulu,HI,96820,894,5,1,1346,18,253,1959,1.0,9,77
796,27 Cambridge Parkway,Hicksville,NY,11854,324,2,3,2359,72,251,1969,4.5,4,93
797,3153 Grayhawk Junction,Daytona Beach,FL,32118,607,4,5,665,24,659,1985,3.2,1,33
798,1 Waubesa Center,San Francisco,CA,94164,201,5,3,1419,18,583,1956,3.9,5,75
799,48 Annamark Road,Richmond,VA,23237,497,0,4,4198,29,729,1979,1.8,2,97
800,0 Delladonna Trail,Huntington,WV,25711,842,0,2,3453,73,120,1999,4.0,1,89
801,0 High Crossing Trail,Oxnard,CA,93034,615,4,4,1147,8,684,2010,0.6,6,41
802,505 Talisman Terrace,Cincinnati,OH,45254,226,0,3,1985,83,424,1930,1.2,6,49
803,18 Express Parkway,Pasadena,CA,91199,959,4,5,694,29,601,1957,0.4,1,86
804,7 Blue Bill Park Park,Houston,TX,77040,856,4,3,2174,68,169,1979,0.7,8,83
805,5370 Oxford Plaza,Round Rock,TX,78682,664,2,1,4316,5,333,2004,4.1,8,73
806,3237 Evergreen Terrace,Houston,TX,77212,745,0,2,3102,11,449,1977,2.3,10,83
807,636 Morning Center,Richmond,VA,23208,206,1,4,2370,6,302,1997,0.7,2,52
808,90 Lakewood Gardens Terrace,Cincinnati,OH,45203,396,6,2,3767,52,737,1966,2.3,4,32
809,0854 Moulton Park,New York City,NY,10120,897,1,3,1872,86,207,1963,3.6,6,70
810,31 Hagan Road,Los Angeles,CA,90055,213,0,5,559,44,562,1942,2.5,10,74
811,79 Banding Road,Birmingham,AL,35295,928,5,3,2322,77,401,1946,1.6,3,100
812,4 Kinsman Pass,Irvine,CA,92619,896,3,5,2926,31,402,1942,1.7,3,56
813,58 Meadow Vale Center,Palo Alto,CA,94302,405,6,5,4747,76,323,2003,3.3,9,81
814,572 Saint Paul Circle,Huntington,WV,25770,725,1,1,1208,30,343,2003,4.4,6,87
815,5507 Loomis Terrace,Buffalo,NY,14225,877,3,5,3493,33,485,1988,2.3,2,74
816,56 Texas Road,Lawrenceville,GA,30045,696,2,5,3079,59,562,1933,3.6,3,59
817,1 Garrison Place,Nashville,TN,37240,465,3,2,3190,56,103,2009,4.0,10,92
818,29 Eagan Lane,Scottsdale,AZ,85271,886,5,1,3464,18,149,1947,1.3,2,53
819,63379 Oak Valley Center,Seattle,WA,98104,594,2,2,4761,3,703,1967,4.7,2,97
820,6255 American Ash Drive,Washington,DC,20425,638,2,5,1893,5,333,1944,2.1,2,81
821,41 Namekagon Crossing,Lexington,KY,40596,419,5,2,4967,88,163,1947,3.5,3,62
822,13 Glendale Lane,New York City,NY,10160,863,5,1,4809,73,688,1938,4.4,6,38
823,70 Clarendon Road,Austin,TX,78769,441,4,4,3969,44,626,1985,2.1,3,51
824,2 Sycamore Terrace,Mesa,AZ,85215,553,0,5,734,8,730,1947,1.5,2,35
825,16023 Vidon Trail,Toledo,OH,43635,838,3,5,2874,29,408,2010,2.3,3,30
826,3 Bellgrove Trail,Morgantown,WV,26505,868,4,4,994,33,243,2002,4.2,10,99
827,2 Hermina Parkway,Pittsburgh,PA,15230,677,1,3,1525,39,581,1934,2.0,3,51
828,00816 Southridge Park,San Jose,CA,95108,543,2,3,1529,82,371,1964,1.1,5,43
829,9813 Rutledge Street,Fort Myers,FL,33906,748,6,2,3179,23,176,2014,1.8,3,43
830,1 Hooker Circle,Peoria,IL,61605,261,4,2,2646,26,327,2005,2.2,8,78
831,04547 Hollow Ridge Trail,Young America,MN,55551,802,1,4,3036,75,104,1940,4.5,1,64
832,46894 Lunder Plaza,Louisville,KY,40233,923,2,3,1490,33,510,1996,3.0,1,69
833,12560 Homewood Alley,Worcester,MA,01610,770,1,5,2473,20,111,1959,2.4,7,59
834,9308 Hudson Crossing,Wichita Falls,TX,76305,396,2,3,2165,73,738,1990,0.3,3,76
835,6518 Fordem Pass,Des Moines,IA,50335,594,2,4,3543,73,379,1977,0.2,10,48
836,5185 Florence Street,Kansas City,MO,64193,281,3,2,3920,12,250,1964,2.7,2,40
837,6026 Stoughton Hill,Pittsburgh,PA,15230,910,3,3,3783,54,307,1935,3.7,1,54
838,9 Express Trail,Vero Beach,FL,32969,909,3,4,958,75,371,2018,4.1,4,70
839,5 Magdeline Trail,Cincinnati,OH,45223,561,0,3,1704,82,628,2010,3.4,5,60
840,3 Commercial Pass,Bozeman,MT,59771,844,2,5,2276,69,497,1966,1.1,9,34
841,009 Darwin Alley,Stockton,CA,95298,666,0,4,2198,60,138,1969,0.2,2,71
842,70690 Algoma Street,Orlando,FL,32803,849,6,4,1754,80,575,1944,4.8,9,49
843,77863 Truax Parkway,Newton,MA,02162,845,0,5,3510,28,586,1935,0.5,3,82
844,0 Bluestem Point,Savannah,GA,31405,617,0,3,2753,9,662,1987,4.8,1,30
845,02 Lindbergh Parkway,Clearwater,FL,33758,247,1,4,3322,67,179,1995,2.1,2,46
846,22148 Darwin Street,Grand Junction,CO,81505,366,1,3,2925,34,139,1961,2.7,4,46
847,41448 Sachtjen Place,Oakland,CA,94605,915,2,5,2408,85,597,1937,3.6,9,65
848,78369 Pawling Street,Greeley,CO,80638,694,2,3,1419,11,773,1953,2.0,9,45
849,060 Green Road,Washington,DC,20078,722,4,2,1607,48,471,1931,2.5,9,77
850,02145 Kenwood Junction,Ann Arbor,MI,48107,283,3,4,1227,3,184,1980,4.5,6,47
851,52542 Charing Cross Alley,Rochester,NY,14604,832,6,2,4768,25,175,1938,5.0,9,79
852,5 Golf View Drive,Cincinnati,OH,45999,410,4,2,1077,8,424,1963,4.9,1,71
853,3 Maple Terrace,Whittier,CA,90610,454,4,5,1761,72,294,1938,2.8,4,68
854,96 North Place,Bloomington,IN,47405,432,2,4,1670,61,148,1982,2.6,5,54
855,55632 Hintze Hill,Houston,TX,77080,872,2,2,999,85,440,1991,1.9,8,31
856,2479 Red Cloud Parkway,Palmdale,CA,93591,367,0,3,2813,69,776,1945,1.7,6,45
857,866 Harbort Trail,Waltham,MA,02453,537,3,3,1781,7,247,1966,1.3,2,52
858,169 Logan Junction,Trenton,NJ,08650,909,2,3,1952,55,610,2013,2.1,7,38
859,95 Northwestern Trail,San Antonio,TX,78255,878,2,5,3267,25,516,1986,1.6,8,37
860,04656 Hoepker Terrace,New York City,NY,10105,487,6,4,3089,17,591,1937,3.7,8,43
861,8 Bluestem Plaza,Midland,TX,79705,755,6,3,3942,71,392,1981,4.8,4,40
862,2 Morrow Circle,Salt Lake City,UT,84120,565,2,3,2724,72,632,1951,3.1,1,55
863,579 Prentice Center,Baton Rouge,LA,70836,958,2,1,956,70,337,1938,2.5,6,40
864,0319 Eliot Court,Peoria,IL,61629,761,3,4,2885,74,213,1997,2.6,5,95
865,631 Melby Circle,Richmond,VA,23277,317,0,5,2589,46,743,1934,4.2,5,36
866,41510 Jackson Plaza,Savannah,GA,31405,622,6,1,3468,81,695,1974,4.3,2,32
867,8 Longview Crossing,New York City,NY,10280,665,1,5,1154,43,468,1972,2.8,5,90
868,4 Petterle Center,Raleigh,NC,27610,918,6,1,3057,22,176,1931,2.7,9,74
869,4 Farmco Center,Springfield,IL,62794,516,0,4,726,77,343,1973,3.5,3,68
870,6719 Atwood Street,San Antonio,TX,78210,739,5,4,4654,78,769,1936,4.5,9,98
871,751 Golf Trail,Dallas,TX,75221,815,2,3,3673,18,600,1978,3.3,5,46
872,32154 Spaight Point,Sacramento,CA,94291,954,3,5,4247,10,705,1934,3.7,1,63
873,920 Stang Lane,Tulsa,OK,74126,609,0,2,570,30,526,1966,2.0,8,79
874,8314 Rutledge Crossing,San Diego,CA,92121,284,0,3,1917,51,183,1930,2.0,10,87
875,6141 Division Hill,San Rafael,CA,94913,468,0,4,1556,68,291,1979,0.6,3,93
876,44 Cherokee Way,Erie,PA,16550,872,1,4,2604,47,692,1963,0.1,5,71
877,2 Paget Terrace,Bakersfield,CA,93399,746,3,5,4758,19,792,1985,3.6,7,64
878,2 Farmco Drive,Chicago,IL,60624,588,4,4,1490,13,480,1988,3.1,1,49
879,8125 Johnson Hill,Shawnee Mission,KS,66286,862,5,5,2870,24,204,2006,1.3,2,47
880,7005 Trailsway Park,Jacksonville,FL,32225,578,6,4,4426,81,548,1988,2.4,5,81
881,7642 Springs Circle,Akron,OH,44393,202,0,3,4316,67,550,1970,3.2,4,69
882,60 Jenna Hill,Schenectady,NY,12325,324,6,5,1101,43,574,1954,3.1,1,41
883,142 Derek Avenue,Laurel,MD,20709,616,6,5,1531,36,362,1957,0.6,4,67
884,493 Mandrake Parkway,Oakland,CA,94616,279,3,3,3409,25,371,1973,2.8,4,42
885,416 Manitowish Point,Alexandria,VA,22333,414,4,4,572,16,355,2008,0.4,6,96
886,36802 Monterey Center,Saint Augustine,FL,32092,291,0,4,3829,68,701,1961,3.8,3,37
887,927 Red Cloud Center,Portland,ME,04109,203,1,1,3880,40,402,1975,2.2,9,62
888,5019 Old Shore Hill,Tucson,AZ,85705,289,4,5,1967,20,360,1942,4.6,3,68
889,27495 Atwood Crossing,Arlington,TX,76011,211,6,2,986,6,337,1962,4.2,5,57
890,2544 Loftsgordon Terrace,Huntington Beach,CA,92648,982,0,5,3498,83,693,2009,0.9,9,100
891,638 Melby Lane,Portland,OR,97296,686,6,4,4590,28,109,1940,4.9,1,89
892,662 Merry Crossing,Long Beach,CA,90847,697,0,5,4716,7,317,1951,3.3,5,58
893,6 Mcguire Way,Atlanta,GA,30356,817,3,4,3360,6,725,1986,0.5,8,59
894,539 Iowa Point,Washington,DC,20380,496,1,5,3149,70,101,2008,1.7,10,88
895,96103 Mallory Trail,Bethlehem,PA,18018,846,5,4,3802,65,116,1951,3.4,2,61
896,7 Derek Point,Staten Island,NY,10305,633,6,5,3281,86,683,1989,1.9,1,100
897,93 Ohio Circle,San Jose,CA,95160,473,5,2,874,40,130,1955,3.8,7,61
898,6425 Tennessee Plaza,Torrance,CA,90505,824,4,2,571,84,685,1990,3.0,7,62
899,429 Novick Parkway,Worcester,MA,01605,742,5,1,2570,52,301,2016,3.5,1,54
900,625 Hoard Court,Des Moines,IA,50981,292,5,5,2286,29,220,1965,4.8,8,55
901,86868 Annamark Court,Charlotte,NC,28242,851,5,3,893,14,465,2000,4.9,6,84
902,45817 Superior Point,Memphis,TN,38143,935,6,3,1948,48,765,1934,1.3,5,62
903,3965 Sunnyside Alley,Los Angeles,CA,90094,710,6,3,2692,13,630,1994,4.8,9,77
904,819 Lakewood Gardens Circle,New Brunswick,NJ,08922,705,3,2,4565,48,444,1949,3.5,2,95
905,140 Cherokee Center,Springfield,MO,65898,284,0,2,1252,88,288,2003,0.4,3,45
906,892 Hanson Road,Macon,GA,31205,234,4,5,2436,76,445,1934,3.2,9,65
907,46 Prairie Rose Center,Dayton,OH,45454,767,6,2,3139,68,627,1931,3.2,7,100
908,8449 Kinsman Trail,Columbia,SC,29208,497,3,1,611,55,279,1972,4.7,9,67
909,7 Jana Terrace,Tuscaloosa,AL,35487,470,5,2,4021,74,698,1953,4.5,10,68
910,44 Stoughton Parkway,San Antonio,TX,78215,773,6,1,3932,80,554,1937,2.3,10,30
911,0 Twin Pines Crossing,Washington,DC,20244,976,5,1,1115,80,582,2007,2.4,3,71
912,10 Burrows Drive,Orlando,FL,32830,473,5,4,3834,56,454,1934,4.5,9,53
913,8 Green Ridge Terrace,Colorado Springs,CO,80925,822,3,1,4994,86,720,1940,2.6,8,94
914,54717 Farmco Parkway,Honolulu,HI,96850,244,0,5,2684,35,310,1932,2.7,5,71
915,8 Westridge Circle,Fresno,CA,93794,379,2,1,3279,37,726,1953,3.0,4,75
916,8 Mockingbird Crossing,Sacramento,CA,94237,854,2,1,751,5,445,1992,0.2,8,68
917,9 Old Shore Avenue,Fort Wayne,IN,46825,496,1,1,3058,55,642,1938,2.1,4,78
918,80350 Melby Crossing,Galveston,TX,77554,312,1,2,753,18,208,1949,0.6,10,36
919,42 Grim Junction,Peoria,IL,61635,466,2,3,2276,81,420,1971,1.4,1,49
920,32 Menomonie Street,Peoria,IL,61640,644,3,4,3270,84,216,1962,1.0,2,63
921,525 Kinsman Avenue,Greensboro,NC,27455,899,2,3,3927,3,434,1939,3.7,10,67
922,7 Ohio Junction,Houston,TX,77240,510,2,5,3590,65,576,2002,3.4,5,68
923,8693 Corry Alley,Rockville,MD,20851,222,3,4,1772,79,389,2009,4.7,10,78
924,3420 Anniversary Lane,Cincinnati,OH,45271,288,6,2,4716,67,228,1957,1.0,10,58
925,245 New Castle Drive,Springfield,IL,62794,696,2,1,1073,19,509,1985,2.5,9,92
926,24485 Express Crossing,Abilene,TX,79699,481,2,1,899,37,741,1990,4.3,10,57
927,08 Paget Hill,Hollywood,FL,33028,574,3,3,3488,60,190,1959,0.6,7,73
928,3938 Monterey Street,Maple Plain,MN,55572,635,3,4,1581,70,714,1985,1.7,10,36
929,0853 Golf Drive,Schenectady,NY,12325,426,2,5,2226,74,258,1930,3.4,6,78
930,4 Huxley Lane,Dallas,TX,75367,965,1,4,2687,7,349,1931,3.4,6,82
931,9 Nova Road,Lubbock,TX,79452,970,1,5,2929,14,361,1995,0.6,9,95
932,74285 Jay Circle,Anchorage,AK,99507,384,3,5,4344,68,739,1993,1.3,1,76
933,4 Reindahl Hill,Shawnee Mission,KS,66210,954,1,4,1506,37,743,1949,2.9,4,76
934,7318 2nd Crossing,Wilmington,DE,19892,595,1,5,4053,33,510,2006,3.5,6,69
935,6974 Barby Crossing,Lakeland,FL,33805,465,1,5,3623,36,549,1991,3.7,3,97
936,9687 Florence Avenue,Phoenix,AZ,85025,301,1,3,1314,53,712,1931,0.3,8,91
937,513 Lighthouse Bay Hill,El Paso,TX,79945,442,6,5,3692,81,415,1935,3.1,4,90
938,03163 Schlimgen Road,South Bend,IN,46620,452,2,5,3545,38,695,2016,2.3,3,71
939,66 Lakeland Court,Cincinnati,OH,45228,846,1,4,3899,78,163,2007,1.7,3,85
940,474 Glacier Hill Lane,Wilmington,DE,19810,432,6,2,2728,6,673,1960,0.3,1,40
941,17 Little Fleur Alley,Washington,DC,20470,310,0,3,1724,42,276,1984,0.9,2,41
942,1 Valley Edge Plaza,Omaha,NE,68164,387,4,2,1640,11,142,1999,4.1,9,87
943,95387 Michigan Avenue,Minneapolis,MN,55446,492,3,1,2484,43,345,1941,2.7,8,50
944,9292 Fremont Court,Salt Lake City,UT,84152,888,5,2,4204,45,768,1989,3.0,9,91
945,837 Dryden Crossing,Washington,DC,20430,575,6,3,1674,46,630,2014,3.0,7,64
946,52843 Clyde Gallagher Alley,Memphis,TN,38181,774,4,1,979,63,343,1997,2.3,2,78
947,50108 Harbort Park,Washington,DC,20010,408,2,1,1407,3,647,1968,1.7,5,35
948,906 High Crossing Junction,Long Beach,CA,90847,234,6,3,1971,75,490,1931,3.4,8,30
949,021 Lerdahl Junction,San Diego,CA,92127,953,6,2,4586,48,795,2011,2.4,10,84
950,8 Carberry Road,Charlotte,NC,28215,829,1,2,1972,88,769,1937,1.0,10,81
951,638 Roth Way,Washington,DC,20205,480,3,1,915,3,546,1962,0.7,4,77
952,05204 Autumn Leaf Lane,Chicago,IL,60674,777,1,5,3493,87,502,1988,2.5,4,57
953,074 Burrows Avenue,Detroit,MI,48258,364,0,2,4916,16,496,1994,1.4,2,68
954,69389 Bluestem Way,Tucson,AZ,85737,377,5,4,1721,81,379,2008,2.7,3,49
955,6 Melrose Street,Mobile,AL,36670,930,1,4,925,89,680,1939,1.2,3,92
956,538 Fair Oaks Point,Warren,OH,44485,618,4,3,2355,41,279,1979,2.5,1,57
957,7948 Sunnyside Plaza,Syracuse,NY,13205,827,4,1,1193,16,661,1992,5.0,9,80
958,4 Marcy Way,Youngstown,OH,44511,700,2,3,1686,63,457,1987,3.0,1,42
959,7374 Esch Street,Lancaster,CA,93584,941,6,5,808,7,234,2018,3.1,1,50
960,15 Commercial Junction,Jacksonville,FL,32255,583,1,5,3525,40,136,1990,1.3,6,30
961,19154 Talisman Trail,Savannah,GA,31405,676,4,5,4254,31,133,1983,3.1,6,39
962,85 Graedel Junction,San Luis Obispo,CA,93407,769,2,2,1538,76,725,1977,2.5,3,37
963,20313 Norway Maple Crossing,San Diego,CA,92153,424,4,4,2486,90,360,1986,2.5,9,86
964,070 Stang Terrace,North Las Vegas,NV,89036,535,4,3,569,10,222,1978,1.2,3,92
965,86915 4th Way,Roanoke,VA,24020,654,0,4,3524,36,621,1963,2.0,6,62
966,118 Del Sol Pass,Charleston,WV,25389,807,6,3,3186,72,200,1994,3.5,9,49
967,51 Vera Drive,Anchorage,AK,99522,520,2,3,1732,3,183,2018,3.6,2,83
968,245 Amoth Avenue,Birmingham,AL,35205,932,2,3,1574,46,152,1939,4.8,2,45
969,92 Portage Way,Portsmouth,NH,03804,635,1,2,1124,50,784,1960,1.0,6,69
970,2706 Independence Place,Omaha,NE,68117,964,0,1,980,6,392,2007,1.5,9,41
971,9 Ridgeview Crossing,San Francisco,CA,94132,547,4,5,1061,29,108,1941,2.1,8,43
972,3934 Almo Pass,Springfield,IL,62711,306,5,2,1349,72,470,1961,1.7,10,48
973,8 Mccormick Point,Washington,DC,20420,405,6,2,2101,21,566,1959,3.1,1,41
974,9117 Del Sol Way,El Paso,TX,79977,506,4,4,937,22,277,1986,2.0,3,44
975,0 Hallows Circle,Buffalo,NY,14210,274,6,1,2125,14,772,1949,3.1,1,59
976,0 Sutteridge Circle,Philadelphia,PA,19120,864,3,5,752,11,449,2004,3.0,1,71
977,48742 Becker Court,Lancaster,PA,17605,678,6,1,564,49,300,2000,4.7,1,75
978,45 American Circle,Shreveport,LA,71151,844,0,2,960,51,196,1994,2.4,8,71
979,911 Warner Road,Pittsburgh,PA,15215,515,0,1,2220,31,158,1944,1.8,9,50
980,9 Reinke Place,Memphis,TN,38131,469,0,2,1465,70,429,1954,0.9,3,32
981,63 Bluejay Point,Tacoma,WA,98405,646,3,2,2527,28,629,1974,1.1,4,89
982,0032 Ruskin Plaza,Augusta,GA,30919,316,0,5,4680,87,775,1956,1.9,6,58
983,38 Jay Street,Gainesville,FL,32610,289,1,4,4633,80,728,1932,3.0,5,70
984,55466 Swallow Alley,Amarillo,TX,79116,643,1,1,3288,55,257,1973,2.5,9,58
985,7653 Lunder Park,Detroit,MI,48242,393,0,3,1941,64,456,2014,3.2,8,67
986,58491 Roth Junction,Oakland,CA,94605,289,3,2,3742,63,183,1978,3.8,9,43
987,862 Everett Place,Wilmington,DE,19810,292,0,2,1725,11,594,1973,1.4,6,48
988,745 Comanche Point,Akron,OH,44305,695,5,2,1586,18,225,1953,4.7,3,78
989,9899 Gina Lane,Pittsburgh,PA,15240,910,3,3,2768,74,155,1951,5.0,4,67
990,1184 Stang Circle,Louisville,KY,40205,448,2,5,4827,3,109,1970,4.3,7,33
991,884 Petterle Alley,Jacksonville,FL,32209,826,0,3,2487,51,309,1936,0.7,1,46
992,040 Shelley Drive,Wilmington,DE,19810,914,5,5,1460,77,347,1981,1.3,1,86
993,8792 Bluestem Park,Stockton,CA,95210,819,1,3,1068,18,593,1978,1.8,3,42
994,0 Mandrake Point,Gainesville,FL,32627,547,2,2,4236,80,735,1985,3.6,1,78
995,51 Fulton Court,Columbia,SC,29220,260,2,1,2427,86,117,1996,4.1,1,62
996,29215 Tennyson Terrace,Houston,TX,77299,278,0,5,3420,25,799,1970,2.4,6,80
997,0 Sullivan Drive,Chicago,IL,60686,686,4,2,3178,22,246,1939,1.4,4,51
998,0918 Vera Avenue,Edmond,OK,73034,574,4,3,2261,10,770,2009,1.0,4,45
999,962 Kenwood Crossing,North Hollywood,CA,91616,738,4,5,3835,34,672,1951,1.8,6,100
1000,150 Browning Crossing,Stockton,CA,95205,911,0,5,2748,89,797,1959,2.1,4,53
